ID,DRIVE_ID,FILE_NAME,FILE_PATH,FILE_SIZE_KB,EXTENSION,MIME_TYPE,TITLE,AUTHOR,YEAR,ISBN,PUBLISHER,CATEGORY,SUBCATEGORY,TAGS,LANGUAGE,PAGES,EDITION,READ_STATUS,RATING,FAVORITE,CREATED_DATE,MODIFIED_DATE,OWNER,DRIVE_URL,DOWNLOAD_URL,PREVIEW_URL,METADATA_DATE,METADATA_STATUS,PROCESSING_STATUS,PROCESSING_DATE,PROCESSING_TIME,WEBHOOK_JOB_ID,WEBHOOK_STATUS,WEBHOOK_RESPONSE,ERROR_MESSAGE,NOTES,LAST_ACCESSED,ACCESS_COUNT,SOURCE,LICENSE,KEYWORDS,CHECKSUM,VERSION
aff26e59-3494-43ee-8621-154bd2d41bd8,12tPUthFv-3920gqXqcE05Q1aSfQVxFGlt-h87YEE_hk,EBOOK MANAGEMENT SYSTEM,https://docs.google.com/spreadsheets/d/12tPUthFv-3920gqXqcE05Q1aSfQVxFGlt-h87YEE_hk/edit?usp=drivesdk,2,EBOOK MANAGEMENT SYSTEM,application/vnd.google-apps.spreadsheet,EBOOK MANAGEMENT SYSTEM,Unknown,,,,General,,,,,,NOT_READ,,FALSE,2026-01-24T12:32:53.575Z,2026-01-24T12:32:53.577Z,hmmits2025@gmail.com,https://docs.google.com/spreadsheets/d/12tPUthFv-3920gqXqcE05Q1aSfQVxFGlt-h87YEE_hk/edit?usp=drivesdk,https://drive.google.com/uc?export=download&id=12tPUthFv-3920gqXqcE05Q1aSfQVxFGlt-h87YEE_hk,https://docs.google.com/spreadsheets/d/12tPUthFv-3920gqXqcE05Q1aSfQVxFGlt-h87YEE_hk/edit?usp=drivesdk,2026-01-24T12:37:25.832Z,EXTRACTED,ERROR,,,46999648-ce53-45db-9bce-d06473bc7b6e,ERROR,,Kesalahan DNS: https://hooks.stepper.io/workflow/2185,,2026-01-24T12:32:53.577Z,0,Google Drive,,,MD5,4.3.2000
02e048a3-10b2-41db-9f0a-ecf38df86b5e,1iT44KqeX7mTm9XLq5PGhYkN41gntDpj2peqwwQCUsdI,Ebook Management System,https://docs.google.com/spreadsheets/d/1iT44KqeX7mTm9XLq5PGhYkN41gntDpj2peqwwQCUsdI/edit?usp=drivesdk,87,Ebook Management System,application/vnd.google-apps.spreadsheet,Ebook Management System,Unknown,,,,General,,,,,,NOT_READ,,FALSE,2026-01-24T12:32:54.222Z,2026-01-24T12:32:54.222Z,hmmits2025@gmail.com,https://docs.google.com/spreadsheets/d/1iT44KqeX7mTm9XLq5PGhYkN41gntDpj2peqwwQCUsdI/edit?usp=drivesdk,https://drive.google.com/uc?export=download&id=1iT44KqeX7mTm9XLq5PGhYkN41gntDpj2peqwwQCUsdI,https://docs.google.com/spreadsheets/d/1iT44KqeX7mTm9XLq5PGhYkN41gntDpj2peqwwQCUsdI/edit?usp=drivesdk,2026-01-24T12:37:27.896Z,EXTRACTED,ERROR,,,7e2cd700-2664-4039-8347-6fe0db2017b1,ERROR,,Kesalahan DNS: https://hooks.stepper.io/workflow/2185,,2026-01-24T12:32:54.222Z,0,Google Drive,,,MD5,4.3.2000
a1c257d1-7321-4e33-b3b0-c5fd612497d9,1oAIqjuFrGxKNGVGnYxoMXso6MTGeXTYa,Untitled0.ipynb,https://colab.research.google.com/drive/1oAIqjuFrGxKNGVGnYxoMXso6MTGeXTYa,0,ipynb,application/vnd.google.colaboratory,Untitled0,Unknown,,,,General,,,,,,NOT_READ,,FALSE,2026-01-24T12:32:54.843Z,2026-01-24T12:32:54.843Z,hmmits2025@gmail.com,https://colab.research.google.com/drive/1oAIqjuFrGxKNGVGnYxoMXso6MTGeXTYa,https://drive.google.com/uc?export=download&id=1oAIqjuFrGxKNGVGnYxoMXso6MTGeXTYa,https://colab.research.google.com/drive/1oAIqjuFrGxKNGVGnYxoMXso6MTGeXTYa,2026-01-24T12:37:30.037Z,EXTRACTED,ERROR,,,faf1663b-2de4-418a-b959-79aa1ec5dd77,ERROR,,Kesalahan DNS: https://hooks.stepper.io/workflow/2185,,2026-01-24T12:32:54.843Z,0,Google Drive,,,MD5,4.3.2000
57f8abf9-e461-4398-84f5-8d9e8cc45994,10lasKKin4yFKj1jN2LnxXj09a1oq20an,CHEATSHEET MANAJEMEN.pdf,https://drive.google.com/file/d/10lasKKin4yFKj1jN2LnxXj09a1oq20an/view?usp=drivesdk,8858,pdf,application/pdf,CHEATSHEET MANAJEMEN,Unknown,,,,General,,,,,,NOT_READ,,FALSE,2026-01-24T12:32:55.454Z,2026-01-24T12:32:55.454Z,hmmits2025@gmail.com,https://drive.google.com/file/d/10lasKKin4yFKj1jN2LnxXj09a1oq20an/view?usp=drivesdk,https://drive.google.com/uc?export=download&id=10lasKKin4yFKj1jN2LnxXj09a1oq20an,https://drive.google.com/file/d/10lasKKin4yFKj1jN2LnxXj09a1oq20an/preview?usp=drivesdk,2026-01-24T12:37:32.324Z,EXTRACTED,ERROR,,,51e06000-0f8c-4989-a4dd-fa0ec9d1718e,ERROR,,Kesalahan DNS: https://hooks.stepper.io/workflow/2185,,2026-01-24T12:32:55.454Z,0,Google Drive,,,MD5,4.3.2000
37b0ce05-b3d7-4973-a833-00680f5d07b0,1YayXjry7un1LETFOH4c_uSmBdjuUqfAY,DRAF NEO PPSDM Keluarga Mahasiswa Mesin ITS.. .docx,https://docs.google.com/document/d/1YayXjry7un1LETFOH4c_uSmBdjuUqfAY/edit?usp=drivesdk&ouid=117145867688136013188&rtpof=true&sd=true,4562,docx,application/vnd.openxmlformats-officedocument.wordprocessingml.document,DRAF NEO PPSDM Keluarga Mahasiswa Mesin ITS.. ,Unknown,,,,General,,,,,,NOT_READ,,FALSE,2026-01-24T12:32:56.519Z,2026-01-24T12:32:56.519Z,hmmits2025@gmail.com,https://docs.google.com/document/d/1YayXjry7un1LETFOH4c_uSmBdjuUqfAY/edit?usp=drivesdk&ouid=117145867688136013188&rtpof=true&sd=true,https://drive.google.com/uc?export=download&id=1YayXjry7un1LETFOH4c_uSmBdjuUqfAY,https://docs.google.com/document/d/1YayXjry7un1LETFOH4c_uSmBdjuUqfAY/edit?usp=drivesdk&ouid=117145867688136013188&rtpof=true&sd=true,2026-01-24T12:37:34.511Z,EXTRACTED,ERROR,,,6efe6a27-6443-479f-a019-9550c97c7952,ERROR,,Kesalahan DNS: https://hooks.stepper.io/workflow/2185,,2026-01-24T12:32:56.519Z,0,Google Drive,,,MD5,4.3.2000
aa975eee-aca3-4008-a3bb-d45e6cf79c59,1Fd9y476TkfkXAO-ku0QbyxTzoS8Nm312,NEOPPSDM.html,https://drive.google.com/file/d/1Fd9y476TkfkXAO-ku0QbyxTzoS8Nm312/view?usp=drivesdk,0,html,text/html,NEOPPSDM,Unknown,,,,General,,,,,,NOT_READ,,FALSE,2026-01-24T12:36:18.754Z,2026-01-24T12:36:18.756Z,hmmits2025@gmail.com,https://drive.google.com/file/d/1Fd9y476TkfkXAO-ku0QbyxTzoS8Nm312/view?usp=drivesdk,https://drive.google.com/uc?export=download&id=1Fd9y476TkfkXAO-ku0QbyxTzoS8Nm312,https://drive.google.com/file/d/1Fd9y476TkfkXAO-ku0QbyxTzoS8Nm312/preview?usp=drivesdk,2026-01-24T12:37:37.018Z,EXTRACTED,ERROR,,,28b119cf-05d9-444f-9848-cadc0042f01d,ERROR,,Kesalahan DNS: https://hooks.stepper.io/workflow/2185,,2026-01-24T12:36:18.756Z,0,Google Drive,,,MD5,4.3.2000
00b6f004-1b71-41f7-b8f6-83f380390b6d,1gyUjWnZp9tsZp6jcEsWjwBP_hIbXOrk9,ORGANISASI.html,https://drive.google.com/file/d/1gyUjWnZp9tsZp6jcEsWjwBP_hIbXOrk9/view?usp=drivesdk,0,html,text/html,ORGANISASI,Unknown,,,,General,,,,,,NOT_READ,,FALSE,2026-01-24T12:36:19.387Z,2026-01-24T12:36:19.387Z,hmmits2025@gmail.com,https://drive.google.com/file/d/1gyUjWnZp9tsZp6jcEsWjwBP_hIbXOrk9/view?usp=drivesdk,https://drive.google.com/uc?export=download&id=1gyUjWnZp9tsZp6jcEsWjwBP_hIbXOrk9,https://drive.google.com/file/d/1gyUjWnZp9tsZp6jcEsWjwBP_hIbXOrk9/preview?usp=drivesdk,2026-01-24T12:37:39.549Z,EXTRACTED,ERROR,,,f3db38c8-7fab-4865-9754-4a75a7cc16cc,ERROR,,Kesalahan DNS: https://hooks.stepper.io/workflow/2185,,2026-01-24T12:36:19.387Z,0,Google Drive,,,MD5,4.3.2000
dc93e83a-9869-4462-a47a-3e229a19fc4e,1dG88UW61wugYxeZ5_hjAagdXgfjQ5eo7,Naskah Akademik dan Penyusunan PPSDM KMM ITS.pdf,https://drive.google.com/file/d/1dG88UW61wugYxeZ5_hjAagdXgfjQ5eo7/view?usp=drivesdk,388,pdf,application/pdf,Naskah Akademik dan Penyusunan PPSDM KMM ITS,Unknown,,,,General,,,,,,NOT_READ,,FALSE,2026-01-24T12:36:20.095Z,2026-01-24T12:36:20.095Z,hmmits2025@gmail.com,https://drive.google.com/file/d/1dG88UW61wugYxeZ5_hjAagdXgfjQ5eo7/view?usp=drivesdk,https://drive.google.com/uc?export=download&id=1dG88UW61wugYxeZ5_hjAagdXgfjQ5eo7,https://drive.google.com/file/d/1dG88UW61wugYxeZ5_hjAagdXgfjQ5eo7/preview?usp=drivesdk,2026-01-24T12:37:41.621Z,EXTRACTED,ERROR,,,f8c3ebf8-d0fd-4a58-bc8a-a6f6f4eeccc0,ERROR,,Kesalahan DNS: https://hooks.stepper.io/workflow/2185,,2026-01-24T12:36:20.095Z,0,Google Drive,,,MD5,4.3.2000
f5e2b12b-45b6-41e1-98aa-affe346981c5,1bwmN410LoBW8qeg9r7okQv-mMyHc0UjB,SHORT CUT.xlsx,https://docs.google.com/spreadsheets/d/1bwmN410LoBW8qeg9r7okQv-mMyHc0UjB/edit?usp=drivesdk&ouid=117145867688136013188&rtpof=true&sd=true,2974,xlsx,application/vnd.openxmlformats-officedocument.spreadsheetml.sheet,SHORT CUT,Unknown,,,,General,,,,,,NOT_READ,,FALSE,2026-01-24T12:36:21.137Z,2026-01-24T12:36:21.137Z,hmmits2025@gmail.com,https://docs.google.com/spreadsheets/d/1bwmN410LoBW8qeg9r7okQv-mMyHc0UjB/edit?usp=drivesdk&ouid=117145867688136013188&rtpof=true&sd=true,https://drive.google.com/uc?export=download&id=1bwmN410LoBW8qeg9r7okQv-mMyHc0UjB,https://docs.google.com/spreadsheets/d/1bwmN410LoBW8qeg9r7okQv-mMyHc0UjB/edit?usp=drivesdk&ouid=117145867688136013188&rtpof=true&sd=true,2026-01-24T12:37:43.658Z,EXTRACTED,ERROR,,,d2edee3e-d83b-4d55-861d-79f7c97ce026,ERROR,,Kesalahan DNS: https://hooks.stepper.io/workflow/2185,,2026-01-24T12:36:21.137Z,0,Google Drive,,,MD5,4.3.2000
853f4f14-c1c7-4989-813c-e1c3a8a17289,1Lps-OpcNtVsriAEwoYk7NtNG63ZIgJjX,UU MESIN.html,https://drive.google.com/file/d/1Lps-OpcNtVsriAEwoYk7NtNG63ZIgJjX/view?usp=drivesdk,0,html,text/html,UU MESIN,Unknown,,,,General,,,,,,NOT_READ,,FALSE,2026-01-24T12:36:21.712Z,2026-01-24T12:36:21.712Z,hmmits2025@gmail.com,https://drive.google.com/file/d/1Lps-OpcNtVsriAEwoYk7NtNG63ZIgJjX/view?usp=drivesdk,https://drive.google.com/uc?export=download&id=1Lps-OpcNtVsriAEwoYk7NtNG63ZIgJjX,https://drive.google.com/file/d/1Lps-OpcNtVsriAEwoYk7NtNG63ZIgJjX/preview?usp=drivesdk,2026-01-24T12:37:45.804Z,EXTRACTED,ERROR,,,7878fe73-b5d0-4b4b-b7de-6f62ceefba69,ERROR,,Kesalahan DNS: https://hooks.stepper.io/workflow/2185,,2026-01-24T12:36:21.712Z,0,Google Drive,,,MD5,4.3.2000
04da3412-d669-47b6-b261-c24b60f2fee4,1hC3xnryLJ9SFPs9taRPE8cqUSKMaRi_b,AD ART ORMAWA.html,https://drive.google.com/file/d/1hC3xnryLJ9SFPs9taRPE8cqUSKMaRi_b/view?usp=drivesdk,0,html,text/html,AD ART ORMAWA,Unknown,,,,General,,,,,,NOT_READ,,FALSE,2026-01-24T12:36:22.315Z,2026-01-24T12:36:22.315Z,hmmits2025@gmail.com,https://drive.google.com/file/d/1hC3xnryLJ9SFPs9taRPE8cqUSKMaRi_b/view?usp=drivesdk,https://drive.google.com/uc?export=download&id=1hC3xnryLJ9SFPs9taRPE8cqUSKMaRi_b,https://drive.google.com/file/d/1hC3xnryLJ9SFPs9taRPE8cqUSKMaRi_b/preview?usp=drivesdk,2026-01-24T21:38:20.164Z,EXTRACTED,ERROR,,,63540943-d7e3-47ba-89f8-af835988ed7f,ERROR,,Kesalahan DNS: https://hooks.stepper.io/workflow/2185,,2026-01-24T12:36:22.315Z,0,Google Drive,,,MD5,4.3.2000
0a004dcc-accf-4033-9d23-5a2778019b7b,1zTHmK4zvHBRZAiU0qcUOwtH_nZ6V7DU3,FORUM.html,https://drive.google.com/file/d/1zTHmK4zvHBRZAiU0qcUOwtH_nZ6V7DU3/view?usp=drivesdk,0,html,text/html,FORUM,Unknown,,,,General,,,,,,NOT_READ,,FALSE,2026-01-24T12:36:22.926Z,2026-01-24T12:36:22.926Z,hmmits2025@gmail.com,https://drive.google.com/file/d/1zTHmK4zvHBRZAiU0qcUOwtH_nZ6V7DU3/view?usp=drivesdk,https://drive.google.com/uc?export=download&id=1zTHmK4zvHBRZAiU0qcUOwtH_nZ6V7DU3,https://drive.google.com/file/d/1zTHmK4zvHBRZAiU0qcUOwtH_nZ6V7DU3/preview?usp=drivesdk,2026-01-24T21:38:23.464Z,EXTRACTED,ERROR,,,a640db04-3d46-42e8-b4f7-7ba21cf75b99,ERROR,,Kesalahan DNS: https://hooks.stepper.io/workflow/2185,,2026-01-24T12:36:22.926Z,0,Google Drive,,,MD5,4.3.2000
44c9edc5-a7cd-43b2-9951-b48eb622ca64,1RtJBQ_Hd-ULaOH5l_7PDU4ruiTpWUta3,Buku 1 KDKM dan HDPSDM MUBES V ITS.pdf,https://drive.google.com/file/d/1RtJBQ_Hd-ULaOH5l_7PDU4ruiTpWUta3/view?usp=drivesdk,846,pdf,application/pdf,Buku 1 KDKM dan HDPSDM MUBES V ITS,Unknown,,,,General,,,,,,NOT_READ,,FALSE,2026-01-24T12:36:23.516Z,2026-01-24T12:36:23.516Z,hmmits2025@gmail.com,https://drive.google.com/file/d/1RtJBQ_Hd-ULaOH5l_7PDU4ruiTpWUta3/view?usp=drivesdk,https://drive.google.com/uc?export=download&id=1RtJBQ_Hd-ULaOH5l_7PDU4ruiTpWUta3,https://drive.google.com/file/d/1RtJBQ_Hd-ULaOH5l_7PDU4ruiTpWUta3/preview?usp=drivesdk,2026-01-24T21:38:26.497Z,EXTRACTED,ERROR,,,60557fea-78b1-4ae3-8dae-dede1a3c2f14,ERROR,,Kesalahan DNS: https://hooks.stepper.io/workflow/2185,,2026-01-24T12:36:23.516Z,0,Google Drive,,,MD5,4.3.2000
3b0c95f1-1e40-4214-bfa7-c15d6d500725,1c6-NKxnPsb7S3pLPObg87EaELQl5-q8-,UU Nomor 5 Tahun 2014 - Pembentukan HMJ.pdf,https://drive.google.com/file/d/1c6-NKxnPsb7S3pLPObg87EaELQl5-q8-/view?usp=drivesdk,326,pdf,application/pdf,UU Nomor 5 Tahun 2014,Pembentukan HMJ,,,,General,,,,,,NOT_READ,,FALSE,2026-01-24T12:36:24.128Z,2026-01-24T12:36:24.128Z,hmmits2025@gmail.com,https://drive.google.com/file/d/1c6-NKxnPsb7S3pLPObg87EaELQl5-q8-/view?usp=drivesdk,https://drive.google.com/uc?export=download&id=1c6-NKxnPsb7S3pLPObg87EaELQl5-q8-,https://drive.google.com/file/d/1c6-NKxnPsb7S3pLPObg87EaELQl5-q8-/preview?usp=drivesdk,2026-01-24T21:38:29.429Z,EXTRACTED,ERROR,,,cf8e829c-f436-4a93-a81a-471411a9a7a8,ERROR,,Kesalahan DNS: https://hooks.stepper.io/workflow/2185,,2026-01-24T12:36:24.128Z,0,Google Drive,,,MD5,4.3.2000
1d1f3536-297d-4b72-8fee-a8dc11661b91,1vPcNjt_SL-T9fqwmv0aF4oGCHGdWMj1W,peraturan rektor ITS tentang ORMAWA di Lingkungan ITS.pdf,https://drive.google.com/file/d/1vPcNjt_SL-T9fqwmv0aF4oGCHGdWMj1W/view?usp=drivesdk,851,pdf,application/pdf,peraturan rektor ITS tentang ORMAWA di Lingkungan ITS,Unknown,,,,General,,,,,,NOT_READ,,FALSE,2026-01-24T12:36:24.699Z,2026-01-24T12:36:24.699Z,hmmits2025@gmail.com,https://drive.google.com/file/d/1vPcNjt_SL-T9fqwmv0aF4oGCHGdWMj1W/view?usp=drivesdk,https://drive.google.com/uc?export=download&id=1vPcNjt_SL-T9fqwmv0aF4oGCHGdWMj1W,https://drive.google.com/file/d/1vPcNjt_SL-T9fqwmv0aF4oGCHGdWMj1W/preview?usp=drivesdk,2026-01-24T21:38:32.339Z,EXTRACTED,ERROR,,,2cf84755-3d3e-4a74-8245-4c476fb049d2,ERROR,,Kesalahan DNS: https://hooks.stepper.io/workflow/2185,,2026-01-24T12:36:24.699Z,0,Google Drive,,,MD5,4.3.2000
b5eed66c-9ed4-4eb2-82e6-51b4d5563419,1VrYBX4shOcwXK7SWEjUQ5hGKOlKgp2Ph,Peraturan Rektor No 31 tahun 2021.pdf,https://drive.google.com/file/d/1VrYBX4shOcwXK7SWEjUQ5hGKOlKgp2Ph/view?usp=drivesdk,3281,pdf,application/pdf,Peraturan Rektor No 31 tahun 2021,Unknown,,,,General,,,,,,NOT_READ,,FALSE,2026-01-24T12:36:25.351Z,2026-01-24T12:36:25.351Z,hmmits2025@gmail.com,https://drive.google.com/file/d/1VrYBX4shOcwXK7SWEjUQ5hGKOlKgp2Ph/view?usp=drivesdk,https://drive.google.com/uc?export=download&id=1VrYBX4shOcwXK7SWEjUQ5hGKOlKgp2Ph,https://drive.google.com/file/d/1VrYBX4shOcwXK7SWEjUQ5hGKOlKgp2Ph/preview?usp=drivesdk,2026-01-24T21:38:35.118Z,EXTRACTED,ERROR,,,bc94ca24-7548-4d50-bcda-1c2bd5bc20f5,ERROR,,Kesalahan DNS: https://hooks.stepper.io/workflow/2185,,2026-01-24T12:36:25.351Z,0,Google Drive,,,MD5,4.3.2000
8a73ee53-03a5-4fe7-a074-ba001275c4fe,1xokb37XIWq4vPXbc4RL9yMmKaUf_khO8,4. PERATURAN REKTOR TENTANG ORMAWA ITS TAHUN 2009.pdf,https://drive.google.com/file/d/1xokb37XIWq4vPXbc4RL9yMmKaUf_khO8/view?usp=drivesdk,851,pdf,application/pdf,4. PERATURAN REKTOR TENTANG ORMAWA ITS TAHUN 2009,Unknown,,,,General,,,,,,NOT_READ,,FALSE,2026-01-24T12:36:25.932Z,2026-01-24T12:36:25.932Z,hmmits2025@gmail.com,https://drive.google.com/file/d/1xokb37XIWq4vPXbc4RL9yMmKaUf_khO8/view?usp=drivesdk,https://drive.google.com/uc?export=download&id=1xokb37XIWq4vPXbc4RL9yMmKaUf_khO8,https://drive.google.com/file/d/1xokb37XIWq4vPXbc4RL9yMmKaUf_khO8/preview?usp=drivesdk,2026-01-24T21:38:38.055Z,EXTRACTED,ERROR,,,786de7d0-7561-4a10-ae52-e537dad7b53d,ERROR,,Kesalahan DNS: https://hooks.stepper.io/workflow/2185,,2026-01-24T12:36:25.932Z,0,Google Drive,,,MD5,4.3.2000
14ce7099-8f58-4a80-a180-d252327b54de,1TErABDucqKrjqZSb5Jksnehn8aQ8vnZ-,Peraturan-Rektor-ITS-No-24-Tahun-2019-tentang-Orga_250217_202135.pdf,https://drive.google.com/file/d/1TErABDucqKrjqZSb5Jksnehn8aQ8vnZ-/view?usp=drivesdk,3942,pdf,application/pdf,Peraturan,Rektor-ITS-No-24-Tahun-2019-tentang-Orga_250217_202135,,,,General,,,,,,NOT_READ,,FALSE,2026-01-24T12:36:26.533Z,2026-01-24T12:36:26.533Z,hmmits2025@gmail.com,https://drive.google.com/file/d/1TErABDucqKrjqZSb5Jksnehn8aQ8vnZ-/view?usp=drivesdk,https://drive.google.com/uc?export=download&id=1TErABDucqKrjqZSb5Jksnehn8aQ8vnZ-,https://drive.google.com/file/d/1TErABDucqKrjqZSb5Jksnehn8aQ8vnZ-/preview?usp=drivesdk,2026-01-24T21:38:40.794Z,EXTRACTED,ERROR,,,3c7b7e95-503a-479e-a9e7-5d252f95ef11,ERROR,,Kesalahan DNS: https://hooks.stepper.io/workflow/2185,,2026-01-24T12:36:26.533Z,0,Google Drive,,,MD5,4.3.2000
57dc2db6-18eb-4471-8c31-2d26e92c701f,1nm6xUP9apg7gspwI3l7yRXnkg8x1sfR8,10. Statuta ITS 2015.pdf,https://drive.google.com/file/d/1nm6xUP9apg7gspwI3l7yRXnkg8x1sfR8/view?usp=drivesdk,954,pdf,application/pdf,10. Statuta ITS 2015,Unknown,,,,General,,,,,,NOT_READ,,FALSE,2026-01-24T12:36:27.268Z,2026-01-24T12:36:27.268Z,hmmits2025@gmail.com,https://drive.google.com/file/d/1nm6xUP9apg7gspwI3l7yRXnkg8x1sfR8/view?usp=drivesdk,https://drive.google.com/uc?export=download&id=1nm6xUP9apg7gspwI3l7yRXnkg8x1sfR8,https://drive.google.com/file/d/1nm6xUP9apg7gspwI3l7yRXnkg8x1sfR8/preview?usp=drivesdk,2026-01-24T21:38:44.094Z,EXTRACTED,ERROR,,,6fed9786-d1c4-4b7c-90e1-c5a8320cab3c,ERROR,,Kesalahan DNS: https://hooks.stepper.io/workflow/2185,,2026-01-24T12:36:27.268Z,0,Google Drive,,,MD5,4.3.2000
338b8881-f54a-411e-8b5c-095a4b96b799,1ojETceKfwpw3PG2oBpG3VkcCHOIcdrmU,Tridharma_Perguruan_Tinggi_untuk_Membangun_Akademi.pdf,https://drive.google.com/file/d/1ojETceKfwpw3PG2oBpG3VkcCHOIcdrmU/view?usp=drivesdk,274,pdf,application/pdf,Tridharma_Perguruan_Tinggi_untuk_Membangun_Akademi,Unknown,,,,General,,,,,,NOT_READ,,FALSE,2026-01-24T12:36:27.863Z,2026-01-24T12:36:27.863Z,hmmits2025@gmail.com,https://drive.google.com/file/d/1ojETceKfwpw3PG2oBpG3VkcCHOIcdrmU/view?usp=drivesdk,https://drive.google.com/uc?export=download&id=1ojETceKfwpw3PG2oBpG3VkcCHOIcdrmU,https://drive.google.com/file/d/1ojETceKfwpw3PG2oBpG3VkcCHOIcdrmU/preview?usp=drivesdk,2026-01-24T21:38:46.543Z,EXTRACTED,ERROR,,,702165f8-bac0-4fde-9a06-6cc908924276,ERROR,,Kesalahan DNS: https://hooks.stepper.io/workflow/2185,,2026-01-24T12:36:27.863Z,0,Google Drive,,,MD5,4.3.2000
d5c8e6f4-3581-4cf8-8aca-fd0bc761d42e,1Bpr5tSKTqQ83oIXoq0fy_GdLMIawuOoV,ebook_Panduan_Penelitian_dan_Pengabdian_Kepada_Masyarakat_UNP_Tahun_2017_v2.pdf,https://drive.google.com/file/d/1Bpr5tSKTqQ83oIXoq0fy_GdLMIawuOoV/view?usp=drivesdk,3826,pdf,application/pdf,ebook_Panduan_Penelitian_dan_Pengabdian_Kepada_Masyarakat_UNP_Tahun_2017_v2,Unknown,,,,General,,,,,,NOT_READ,,FALSE,2026-01-24T12:36:28.490Z,2026-01-24T12:36:28.490Z,hmmits2025@gmail.com,https://drive.google.com/file/d/1Bpr5tSKTqQ83oIXoq0fy_GdLMIawuOoV/view?usp=drivesdk,https://drive.google.com/uc?export=download&id=1Bpr5tSKTqQ83oIXoq0fy_GdLMIawuOoV,https://drive.google.com/file/d/1Bpr5tSKTqQ83oIXoq0fy_GdLMIawuOoV/preview?usp=drivesdk,2026-01-24T21:39:27.337Z,EXTRACTED,ERROR,,,fd89e161-8e05-422b-86b0-7f037f99f205,ERROR,,Kesalahan DNS: https://hooks.stepper.io/workflow/2185,,2026-01-24T12:36:28.490Z,0,Google Drive,,,MD5,4.3.2000
9d6f13e4-d7f5-4b43-86d5-d6df58b8264b,1UHBpqdG_KuqBsjJELyB7lk1ZiQXWF8hw,Panduan_Pelaksanaan_Penelitian_dan_PPM_Edisi_ EDISI_X_2016.pdf,https://drive.google.com/file/d/1UHBpqdG_KuqBsjJELyB7lk1ZiQXWF8hw/view?usp=drivesdk,8272,pdf,application/pdf,Panduan_Pelaksanaan_Penelitian_dan_PPM_Edisi_ EDISI_X_2016,Unknown,,,,General,,,,,,NOT_READ,,FALSE,2026-01-24T12:36:29.068Z,2026-01-24T12:36:29.068Z,hmmits2025@gmail.com,https://drive.google.com/file/d/1UHBpqdG_KuqBsjJELyB7lk1ZiQXWF8hw/view?usp=drivesdk,https://drive.google.com/uc?export=download&id=1UHBpqdG_KuqBsjJELyB7lk1ZiQXWF8hw,https://drive.google.com/file/d/1UHBpqdG_KuqBsjJELyB7lk1ZiQXWF8hw/preview?usp=drivesdk,2026-01-24T21:39:29.454Z,EXTRACTED,ERROR,,,549a3278-5610-49b2-bef7-8e17c83520bc,ERROR,,Kesalahan DNS: https://hooks.stepper.io/workflow/2185,,2026-01-24T12:36:29.068Z,0,Google Drive,,,MD5,4.3.2000
f6e4d7bf-cfb4-4826-9d95-cf1b88c0a1cd,1CNXQOTg0S3HJ3PfmlVBpkdthHsl_xG3U,Permenristekdikti Nomor 44 Tahun 2015.pdf,https://drive.google.com/file/d/1CNXQOTg0S3HJ3PfmlVBpkdthHsl_xG3U/view?usp=drivesdk,157,pdf,application/pdf,Permenristekdikti Nomor 44 Tahun 2015,Unknown,,,,General,,,,,,NOT_READ,,FALSE,2026-01-24T12:36:29.709Z,2026-01-24T12:36:29.709Z,hmmits2025@gmail.com,https://drive.google.com/file/d/1CNXQOTg0S3HJ3PfmlVBpkdthHsl_xG3U/view?usp=drivesdk,https://drive.google.com/uc?export=download&id=1CNXQOTg0S3HJ3PfmlVBpkdthHsl_xG3U,https://drive.google.com/file/d/1CNXQOTg0S3HJ3PfmlVBpkdthHsl_xG3U/preview?usp=drivesdk,2026-01-24T21:39:31.447Z,EXTRACTED,ERROR,,,860d35e2-4de9-4bf0-8a5a-a4e395a9ff94,ERROR,,Kesalahan DNS: https://hooks.stepper.io/workflow/2185,,2026-01-24T12:36:29.709Z,0,Google Drive,,,MD5,4.3.2000
cbc3f183-5d6d-4986-91da-f34cd79b4618,1Uj9yENcnYDjxDQu-r2RwXMNwlVE5POyM,Peraturan Presiden No 8 Tahun 2012 - Lampiran.pdf,https://drive.google.com/file/d/1Uj9yENcnYDjxDQu-r2RwXMNwlVE5POyM/view?usp=drivesdk,66,pdf,application/pdf,Peraturan Presiden No 8 Tahun 2012,Lampiran,,,,General,,,,,,NOT_READ,,FALSE,2026-01-24T12:36:30.292Z,2026-01-24T12:36:30.292Z,hmmits2025@gmail.com,https://drive.google.com/file/d/1Uj9yENcnYDjxDQu-r2RwXMNwlVE5POyM/view?usp=drivesdk,https://drive.google.com/uc?export=download&id=1Uj9yENcnYDjxDQu-r2RwXMNwlVE5POyM,https://drive.google.com/file/d/1Uj9yENcnYDjxDQu-r2RwXMNwlVE5POyM/preview?usp=drivesdk,2026-01-24T21:39:33.434Z,EXTRACTED,ERROR,,,41de004c-84b4-4bd3-a27f-a395e7e1f6a5,ERROR,,Kesalahan DNS: https://hooks.stepper.io/workflow/2185,,2026-01-24T12:36:30.292Z,0,Google Drive,,,MD5,4.3.2000
0f84bdd1-51d3-47a6-8171-4f980ce77029,1ZC9Wjq6RY_qCFIPhHBdNnHZ5cpcRpyk_,Peraturan Presiden No 8 Tahun 2012.pdf,https://drive.google.com/file/d/1ZC9Wjq6RY_qCFIPhHBdNnHZ5cpcRpyk_/view?usp=drivesdk,75,pdf,application/pdf,Peraturan Presiden No 8 Tahun 2012,Unknown,,,,General,,,,,,NOT_READ,,FALSE,2026-01-24T12:36:30.901Z,2026-01-24T12:36:30.901Z,hmmits2025@gmail.com,https://drive.google.com/file/d/1ZC9Wjq6RY_qCFIPhHBdNnHZ5cpcRpyk_/view?usp=drivesdk,https://drive.google.com/uc?export=download&id=1ZC9Wjq6RY_qCFIPhHBdNnHZ5cpcRpyk_,https://drive.google.com/file/d/1ZC9Wjq6RY_qCFIPhHBdNnHZ5cpcRpyk_/preview?usp=drivesdk,2026-01-24T21:39:35.745Z,EXTRACTED,ERROR,,,fbf86979-7891-479a-b64a-ef795500693c,ERROR,,Kesalahan DNS: https://hooks.stepper.io/workflow/2185,,2026-01-24T12:36:30.901Z,0,Google Drive,,,MD5,4.3.2000
7c10835b-06f3-4845-903c-a4a775eceb3a,15ybGa2EHCmw8mB2l3fsdCai9vyR8HR1F,the modern integration of research activities with teaching and learning.pdf,https://drive.google.com/file/d/15ybGa2EHCmw8mB2l3fsdCai9vyR8HR1F/view?usp=drivesdk,1536,pdf,application/pdf,the modern integration of research activities with teaching and learning,Unknown,,,,General,,,,,,NOT_READ,,FALSE,2026-01-24T12:36:31.567Z,2026-01-24T12:36:31.567Z,hmmits2025@gmail.com,https://drive.google.com/file/d/15ybGa2EHCmw8mB2l3fsdCai9vyR8HR1F/view?usp=drivesdk,https://drive.google.com/uc?export=download&id=15ybGa2EHCmw8mB2l3fsdCai9vyR8HR1F,https://drive.google.com/file/d/15ybGa2EHCmw8mB2l3fsdCai9vyR8HR1F/preview?usp=drivesdk,2026-01-24T21:39:37.768Z,EXTRACTED,ERROR,,,aa03e1ec-d695-4ca5-aee0-7e3fabcc791d,ERROR,,Kesalahan DNS: https://hooks.stepper.io/workflow/2185,,2026-01-24T12:36:31.567Z,0,Google Drive,,,MD5,4.3.2000
66aa262d-4bf7-45af-ba90-60ba8b4590e2,1qwzj8NazRnS5Dcw-gzzY86xjUAtnJa5v,menyiapkan mahasiswa menghadapi globalisasi melalui KKN tematik.pdf,https://drive.google.com/file/d/1qwzj8NazRnS5Dcw-gzzY86xjUAtnJa5v/view?usp=drivesdk,292,pdf,application/pdf,menyiapkan mahasiswa menghadapi globalisasi melalui KKN tematik,Unknown,,,,General,,,,,,NOT_READ,,FALSE,2026-01-24T12:36:32.206Z,2026-01-24T12:36:32.206Z,hmmits2025@gmail.com,https://drive.google.com/file/d/1qwzj8NazRnS5Dcw-gzzY86xjUAtnJa5v/view?usp=drivesdk,https://drive.google.com/uc?export=download&id=1qwzj8NazRnS5Dcw-gzzY86xjUAtnJa5v,https://drive.google.com/file/d/1qwzj8NazRnS5Dcw-gzzY86xjUAtnJa5v/preview?usp=drivesdk,2026-01-24T21:39:40.027Z,EXTRACTED,ERROR,,,04478def-6e4b-4ed3-ac28-ab1e863b66a9,ERROR,,Kesalahan DNS: https://hooks.stepper.io/workflow/2185,,2026-01-24T12:36:32.206Z,0,Google Drive,,,MD5,4.3.2000
462b8923-c320-46cf-b280-ba96598b853a,1rq4SJGRQZN9wzONoJb1ui7zuk3RP95tO,Sejarah pergerakan nasional indonesia dari%20budi%20utomo%20sampai%20dengan%20pengakuan%20kedaulatan.pdf,https://drive.google.com/file/d/1rq4SJGRQZN9wzONoJb1ui7zuk3RP95tO/view?usp=drivesdk,41619,pdf,application/pdf,Sejarah pergerakan nasional indonesia dari%20budi%20utomo%20sampai%20dengan%20pengakuan%20kedaulatan,Unknown,,,,General,,,,,,NOT_READ,,FALSE,2026-01-24T12:36:33.139Z,2026-01-24T12:36:33.139Z,hmmits2025@gmail.com,https://drive.google.com/file/d/1rq4SJGRQZN9wzONoJb1ui7zuk3RP95tO/view?usp=drivesdk,https://drive.google.com/uc?export=download&id=1rq4SJGRQZN9wzONoJb1ui7zuk3RP95tO,https://drive.google.com/file/d/1rq4SJGRQZN9wzONoJb1ui7zuk3RP95tO/preview?usp=drivesdk,2026-01-24T21:39:43.181Z,EXTRACTED,ERROR,,,a37129f1-34fa-4b4d-ac19-31f096ba9e1f,ERROR,,Kesalahan DNS: https://hooks.stepper.io/workflow/2185,,2026-01-24T12:36:33.139Z,0,Google Drive,,,MD5,4.3.2000
82b58d81-299e-41e5-9dba-9de78fec04f0,17q5LFUmXgbSirJ4fPpx7lFmLB2ywrNyt,hukum pancasila dan globalisasi.pdf,https://drive.google.com/file/d/17q5LFUmXgbSirJ4fPpx7lFmLB2ywrNyt/view?usp=drivesdk,4407,pdf,application/pdf,hukum pancasila dan globalisasi,Unknown,,,,Hukum,,,,,,NOT_READ,,FALSE,2026-01-24T12:36:33.763Z,2026-01-24T12:36:33.763Z,hmmits2025@gmail.com,https://drive.google.com/file/d/17q5LFUmXgbSirJ4fPpx7lFmLB2ywrNyt/view?usp=drivesdk,https://drive.google.com/uc?export=download&id=17q5LFUmXgbSirJ4fPpx7lFmLB2ywrNyt,https://drive.google.com/file/d/17q5LFUmXgbSirJ4fPpx7lFmLB2ywrNyt/preview?usp=drivesdk,2026-01-24T21:39:45.219Z,EXTRACTED,ERROR,,,191bdca9-b9ac-4afb-9b75-dc0893547fd0,ERROR,,Kesalahan DNS: https://hooks.stepper.io/workflow/2185,,2026-01-24T12:36:33.763Z,0,Google Drive,,,MD5,4.3.2000
09b18623-a7e6-4454-829e-a2b0802d9449,16zdHW9CFl-nbucTMAeuZxjH0Vu0jTdjZ,penanaman-nilai-kepahlawanan-dalam-pendi.pdf,https://drive.google.com/file/d/16zdHW9CFl-nbucTMAeuZxjH0Vu0jTdjZ/view?usp=drivesdk,126,pdf,application/pdf,penanaman,nilai-kepahlawanan-dalam-pendi,,,,General,,,,,,NOT_READ,,FALSE,2026-01-24T12:36:34.343Z,2026-01-24T12:36:34.343Z,hmmits2025@gmail.com,https://drive.google.com/file/d/16zdHW9CFl-nbucTMAeuZxjH0Vu0jTdjZ/view?usp=drivesdk,https://drive.google.com/uc?export=download&id=16zdHW9CFl-nbucTMAeuZxjH0Vu0jTdjZ,https://drive.google.com/file/d/16zdHW9CFl-nbucTMAeuZxjH0Vu0jTdjZ/preview?usp=drivesdk,2026-01-24T21:39:47.597Z,EXTRACTED,ERROR,,,7a892ad6-15e0-4952-ae6f-191f93a1ab4c,ERROR,,Kesalahan DNS: https://hooks.stepper.io/workflow/2185,,2026-01-24T12:36:34.343Z,0,Google Drive,,,MD5,4.3.2000
b74142b7-124b-4680-a157-e56321763913,18kVGsDUGPXqDhG3qfTJZl-8Mm564a5Rx,Pendidikan Sejarah Sebagai Penguat Pendidikan Karakt.pdf,https://drive.google.com/file/d/18kVGsDUGPXqDhG3qfTJZl-8Mm564a5Rx/view?usp=drivesdk,105,pdf,application/pdf,Pendidikan Sejarah Sebagai Penguat Pendidikan Karakt,Unknown,,,,General,,,,,,NOT_READ,,FALSE,2026-01-24T12:36:34.930Z,2026-01-24T12:36:34.930Z,hmmits2025@gmail.com,https://drive.google.com/file/d/18kVGsDUGPXqDhG3qfTJZl-8Mm564a5Rx/view?usp=drivesdk,https://drive.google.com/uc?export=download&id=18kVGsDUGPXqDhG3qfTJZl-8Mm564a5Rx,https://drive.google.com/file/d/18kVGsDUGPXqDhG3qfTJZl-8Mm564a5Rx/preview?usp=drivesdk,2026-01-24T21:42:58.147Z,EXTRACTED,ERROR,,,fc3ae6c4-53cf-4a77-961f-349613052976,ERROR,,Kesalahan DNS: https://hooks.stepper.io/workflow/2185,,2026-01-24T12:36:34.930Z,0,Google Drive,,,MD5,4.3.2000
ccbec8a3-b523-4e62-b7cf-01003d7c41ab,16tsKp2glqzlOPzD1L0UVJquyL1EFkfUC,pidato-bung-tomo.pdf,https://drive.google.com/file/d/16tsKp2glqzlOPzD1L0UVJquyL1EFkfUC/view?usp=drivesdk,94,pdf,application/pdf,pidato,bung-tomo,,,,General,,,,,,NOT_READ,,FALSE,2026-01-24T12:36:35.547Z,2026-01-24T12:36:35.547Z,hmmits2025@gmail.com,https://drive.google.com/file/d/16tsKp2glqzlOPzD1L0UVJquyL1EFkfUC/view?usp=drivesdk,https://drive.google.com/uc?export=download&id=16tsKp2glqzlOPzD1L0UVJquyL1EFkfUC,https://drive.google.com/file/d/16tsKp2glqzlOPzD1L0UVJquyL1EFkfUC/preview?usp=drivesdk,2026-01-24T21:43:00.321Z,EXTRACTED,ERROR,,,b8627a7d-30a2-403f-a890-e47c0d94deb1,ERROR,,Kesalahan DNS: https://hooks.stepper.io/workflow/2185,,2026-01-24T12:36:35.547Z,0,Google Drive,,,MD5,4.3.2000
9c4d0c08-5a9d-43d5-9357-136b1371931d,1KaucRliA4y0zJnHI4Lr04LMQ4vQVN461,pasak sejarah indonesia surabaya.pdf,https://drive.google.com/file/d/1KaucRliA4y0zJnHI4Lr04LMQ4vQVN461/view?usp=drivesdk,15231,pdf,application/pdf,pasak sejarah indonesia surabaya,Unknown,,,,General,,,,,,NOT_READ,,FALSE,2026-01-24T12:36:36.220Z,2026-01-24T12:36:36.220Z,hmmits2025@gmail.com,https://drive.google.com/file/d/1KaucRliA4y0zJnHI4Lr04LMQ4vQVN461/view?usp=drivesdk,https://drive.google.com/uc?export=download&id=1KaucRliA4y0zJnHI4Lr04LMQ4vQVN461,https://drive.google.com/file/d/1KaucRliA4y0zJnHI4Lr04LMQ4vQVN461/preview?usp=drivesdk,2026-01-24T21:43:02.248Z,EXTRACTED,ERROR,,,119d19ee-b666-4fa1-821e-0619503c534e,ERROR,,Kesalahan DNS: https://hooks.stepper.io/workflow/2185,,2026-01-24T12:36:36.220Z,0,Google Drive,,,MD5,4.3.2000
b1f2ac05-2ee2-4c53-a26a-482037503926,1qpvS0A8-Wzyaj_8GYl1aF0zgDN056R9s,sejarah pertempuran surabaya .pdf,https://drive.google.com/file/d/1qpvS0A8-Wzyaj_8GYl1aF0zgDN056R9s/view?usp=drivesdk,327,pdf,application/pdf,sejarah pertempuran surabaya ,Unknown,,,,General,,,,,,NOT_READ,,FALSE,2026-01-24T12:36:36.807Z,2026-01-24T12:36:36.807Z,hmmits2025@gmail.com,https://drive.google.com/file/d/1qpvS0A8-Wzyaj_8GYl1aF0zgDN056R9s/view?usp=drivesdk,https://drive.google.com/uc?export=download&id=1qpvS0A8-Wzyaj_8GYl1aF0zgDN056R9s,https://drive.google.com/file/d/1qpvS0A8-Wzyaj_8GYl1aF0zgDN056R9s/preview?usp=drivesdk,2026-01-24T21:43:04.665Z,EXTRACTED,ERROR,,,7054a2c6-917d-41fb-9934-03a560742360,ERROR,,Kesalahan DNS: https://hooks.stepper.io/workflow/2185,,2026-01-24T12:36:36.807Z,0,Google Drive,,,MD5,4.3.2000
bb287de2-87d6-4a9d-b721-3f944dedaa83,1CT9A4W5ysP7aj8pY5hXJneyH-TFzY4Gv,teknik persuasif yang digunakan oleh Bung Tomo dalam pidato 10 November.pdf,https://drive.google.com/file/d/1CT9A4W5ysP7aj8pY5hXJneyH-TFzY4Gv/view?usp=drivesdk,792,pdf,application/pdf,teknik persuasif yang digunakan oleh Bung Tomo dalam pidato 10 November,Unknown,,,,General,,,,,,NOT_READ,,FALSE,2026-01-24T12:36:37.426Z,2026-01-24T12:36:37.426Z,hmmits2025@gmail.com,https://drive.google.com/file/d/1CT9A4W5ysP7aj8pY5hXJneyH-TFzY4Gv/view?usp=drivesdk,https://drive.google.com/uc?export=download&id=1CT9A4W5ysP7aj8pY5hXJneyH-TFzY4Gv,https://drive.google.com/file/d/1CT9A4W5ysP7aj8pY5hXJneyH-TFzY4Gv/preview?usp=drivesdk,2026-01-24T21:43:06.687Z,EXTRACTED,ERROR,,,42b553a8-b812-4872-bd2a-f9bbf59f07dc,ERROR,,Kesalahan DNS: https://hooks.stepper.io/workflow/2185,,2026-01-24T12:36:37.426Z,0,Google Drive,,,MD5,4.3.2000
4aa5a031-aba7-485e-b3ee-67a70188e933,118OBiPb6J0y0GhBbNqF6cQnSMPJsipm6,PAULO FREIRE PEDAGOGI KRITIS dan Penguatan Civil Society di Indonesia.pdf,https://drive.google.com/file/d/118OBiPb6J0y0GhBbNqF6cQnSMPJsipm6/view?usp=drivesdk,1617,pdf,application/pdf,PAULO FREIRE PEDAGOGI KRITIS dan Penguatan Civil Society di Indonesia,Unknown,,,,General,,,,,,NOT_READ,,FALSE,2026-01-24T12:36:38.041Z,2026-01-24T12:36:38.041Z,hmmits2025@gmail.com,https://drive.google.com/file/d/118OBiPb6J0y0GhBbNqF6cQnSMPJsipm6/view?usp=drivesdk,https://drive.google.com/uc?export=download&id=118OBiPb6J0y0GhBbNqF6cQnSMPJsipm6,https://drive.google.com/file/d/118OBiPb6J0y0GhBbNqF6cQnSMPJsipm6/preview?usp=drivesdk,2026-01-24T21:43:08.776Z,EXTRACTED,ERROR,,,07c20ca2-5c55-4434-ac8c-2ad9f6eb0c2c,ERROR,,Kesalahan DNS: https://hooks.stepper.io/workflow/2185,,2026-01-24T12:36:38.041Z,0,Google Drive,,,MD5,4.3.2000
1ede428b-d229-4433-aea4-0eb455ad0a19,1_UsKJ9KAwMMVNjGNtwNawIA3Z62UppVg,Pendidikan Kaum Tertindas  Paulo Freire  (SFILE.MOBI).pdf,https://drive.google.com/file/d/1_UsKJ9KAwMMVNjGNtwNawIA3Z62UppVg/view?usp=drivesdk,6517,pdf,application/pdf,Pendidikan Kaum Tertindas  Paulo Freire  (SFILE.MOBI),Unknown,,,,General,,,,,,NOT_READ,,FALSE,2026-01-24T12:36:38.650Z,2026-01-24T12:36:38.650Z,hmmits2025@gmail.com,https://drive.google.com/file/d/1_UsKJ9KAwMMVNjGNtwNawIA3Z62UppVg/view?usp=drivesdk,https://drive.google.com/uc?export=download&id=1_UsKJ9KAwMMVNjGNtwNawIA3Z62UppVg,https://drive.google.com/file/d/1_UsKJ9KAwMMVNjGNtwNawIA3Z62UppVg/preview?usp=drivesdk,2026-01-24T21:43:10.672Z,EXTRACTED,ERROR,,,efb272ff-db24-4d32-b3e6-010d7ba53588,ERROR,,Kesalahan DNS: https://hooks.stepper.io/workflow/2185,,2026-01-24T12:36:38.650Z,0,Google Drive,,,MD5,4.3.2000
67dab65f-3ac2-40fe-a4aa-e72d4794da88,13prqIAiZQbXE4LLQ8ppiubWGwsD2yWu0,Karya Lengkap Nurcholish Madjid_2020-1.pdf,https://drive.google.com/file/d/13prqIAiZQbXE4LLQ8ppiubWGwsD2yWu0/view?usp=drivesdk,20312,pdf,application/pdf,Karya Lengkap Nurcholish Madjid_2020,1,,,,General,,,,,,NOT_READ,,FALSE,2026-01-24T12:36:39.285Z,2026-01-24T12:36:39.285Z,hmmits2025@gmail.com,https://drive.google.com/file/d/13prqIAiZQbXE4LLQ8ppiubWGwsD2yWu0/view?usp=drivesdk,https://drive.google.com/uc?export=download&id=13prqIAiZQbXE4LLQ8ppiubWGwsD2yWu0,https://drive.google.com/file/d/13prqIAiZQbXE4LLQ8ppiubWGwsD2yWu0/preview?usp=drivesdk,2026-01-24T21:43:12.638Z,EXTRACTED,ERROR,,,73640df0-0eca-423b-a163-265e236867d0,ERROR,,Kesalahan DNS: https://hooks.stepper.io/workflow/2185,,2026-01-24T12:36:39.285Z,0,Google Drive,,,MD5,4.3.2000
af7f02ef-196f-4582-b5a5-326a4abbedb1,1z8qcRwGdtEBFzz5QxMlQnMIjQpdbmGDz,Konsep Pedagogi Pengharapan Paulo Freire Sebagai Alternatif Pemecahan Masalah Pendidikan Anak Jalanan Di Indonesia (Telaah Filsafat Pendidikan).pdf,https://drive.google.com/file/d/1z8qcRwGdtEBFzz5QxMlQnMIjQpdbmGDz/view?usp=drivesdk,8139,pdf,application/pdf,Konsep Pedagogi Pengharapan Paulo Freire Sebagai Alternatif Pemecahan Masalah Pendidikan Anak Jalanan Di Indonesia (Telaah Filsafat Pendidikan),Unknown,,,,General,,,,,,NOT_READ,,FALSE,2026-01-24T12:36:39.937Z,2026-01-24T12:36:39.937Z,hmmits2025@gmail.com,https://drive.google.com/file/d/1z8qcRwGdtEBFzz5QxMlQnMIjQpdbmGDz/view?usp=drivesdk,https://drive.google.com/uc?export=download&id=1z8qcRwGdtEBFzz5QxMlQnMIjQpdbmGDz,https://drive.google.com/file/d/1z8qcRwGdtEBFzz5QxMlQnMIjQpdbmGDz/preview?usp=drivesdk,2026-01-24T21:43:14.905Z,EXTRACTED,ERROR,,,9a0a5a79-0e35-4eba-a82c-5cf9a00346af,ERROR,,Kesalahan DNS: https://hooks.stepper.io/workflow/2185,,2026-01-24T12:36:39.937Z,0,Google Drive,,,MD5,4.3.2000
b863cc99-bd34-4ff6-94dd-455eee5072a1,1Pty83dBRR4fxTU_-TMwAYDtD2ogsV1jo,Catatan Seorang Demonstran  Soe Hok Gie  (SFILE.MOBI).pdf,https://drive.google.com/file/d/1Pty83dBRR4fxTU_-TMwAYDtD2ogsV1jo/view?usp=drivesdk,16274,pdf,application/pdf,Catatan Seorang Demonstran  Soe Hok Gie  (SFILE.MOBI),Unknown,,,,General,,,,,,NOT_READ,,FALSE,2026-01-24T12:36:41.187Z,2026-01-24T12:36:41.187Z,hmmits2025@gmail.com,https://drive.google.com/file/d/1Pty83dBRR4fxTU_-TMwAYDtD2ogsV1jo/view?usp=drivesdk,https://drive.google.com/uc?export=download&id=1Pty83dBRR4fxTU_-TMwAYDtD2ogsV1jo,https://drive.google.com/file/d/1Pty83dBRR4fxTU_-TMwAYDtD2ogsV1jo/preview?usp=drivesdk,2026-01-24T21:43:16.894Z,EXTRACTED,ERROR,,,1f125e19-3a25-457e-874c-269979c63a6d,ERROR,,Kesalahan DNS: https://hooks.stepper.io/workflow/2185,,2026-01-24T12:36:41.187Z,0,Google Drive,,,MD5,4.3.2000
cbff3679-32d8-4cc7-8a84-2a5cc41da152,1_d2BGpjoR_ric0lYlknNt64jmJ_qPfHl,SOE_HOK_GIE-_Sekali_Lagi.pdf,https://drive.google.com/file/d/1_d2BGpjoR_ric0lYlknNt64jmJ_qPfHl/view?usp=drivesdk,34642,pdf,application/pdf,SOE_HOK_GIE,_Sekali_Lagi,,,,General,,,,,,NOT_READ,,FALSE,2026-01-24T12:36:41.793Z,2026-01-24T12:36:41.793Z,hmmits2025@gmail.com,https://drive.google.com/file/d/1_d2BGpjoR_ric0lYlknNt64jmJ_qPfHl/view?usp=drivesdk,https://drive.google.com/uc?export=download&id=1_d2BGpjoR_ric0lYlknNt64jmJ_qPfHl,https://drive.google.com/file/d/1_d2BGpjoR_ric0lYlknNt64jmJ_qPfHl/preview?usp=drivesdk,2026-01-25T16:49:56.918Z,EXTRACTED,ERROR,,,83c6093d-1659-43b5-a08b-9cb26596da71,ERROR,,Kesalahan DNS: https://hooks.stepper.io/workflow/2185,,2026-01-24T12:36:41.793Z,0,Google Drive,,,MD5,4.3.2000
4e541d74-51e1-4059-b878-59be32178a26,1_jV-cLVudlzmVaezGMCF1f7tNJrf95qX,the-civic-culture-political-attitudes-and-democracy-in-five-nations-9781400874569_compress.pdf,https://drive.google.com/file/d/1_jV-cLVudlzmVaezGMCF1f7tNJrf95qX/view?usp=drivesdk,29930,pdf,application/pdf,the,civic-culture-political-attitudes-and-democracy-in-five-nations-9781400874569_compress,,,,General,,,,,,NOT_READ,,FALSE,2026-01-24T12:36:42.457Z,2026-01-24T12:36:42.457Z,hmmits2025@gmail.com,https://drive.google.com/file/d/1_jV-cLVudlzmVaezGMCF1f7tNJrf95qX/view?usp=drivesdk,https://drive.google.com/uc?export=download&id=1_jV-cLVudlzmVaezGMCF1f7tNJrf95qX,https://drive.google.com/file/d/1_jV-cLVudlzmVaezGMCF1f7tNJrf95qX/preview?usp=drivesdk,2026-01-25T16:49:58.805Z,EXTRACTED,ERROR,,,886e1e9f-9b8b-4f4e-951c-6701f1883931,ERROR,,Kesalahan DNS: https://hooks.stepper.io/workflow/2185,,2026-01-24T12:36:42.457Z,0,Google Drive,,,MD5,4.3.2000
b8c2419c-999d-4dcf-85e5-8ccca2e64d23,1Bv-2PEEbG0T091JyMtDIBonSvFN3pyCU,Teori%20Pembangunan.pdf,https://drive.google.com/file/d/1Bv-2PEEbG0T091JyMtDIBonSvFN3pyCU/view?usp=drivesdk,13901,pdf,application/pdf,Teori%20Pembangunan,Unknown,,,,General,,,,,,NOT_READ,,FALSE,2026-01-24T12:36:43.026Z,2026-01-24T12:36:43.026Z,hmmits2025@gmail.com,https://drive.google.com/file/d/1Bv-2PEEbG0T091JyMtDIBonSvFN3pyCU/view?usp=drivesdk,https://drive.google.com/uc?export=download&id=1Bv-2PEEbG0T091JyMtDIBonSvFN3pyCU,https://drive.google.com/file/d/1Bv-2PEEbG0T091JyMtDIBonSvFN3pyCU/preview?usp=drivesdk,2026-01-25T16:50:01.274Z,EXTRACTED,ERROR,,,aa2c94fe-cf29-4024-b05a-1f4409b52687,ERROR,,Kesalahan DNS: https://hooks.stepper.io/workflow/2185,,2026-01-24T12:36:43.026Z,0,Google Drive,,,MD5,4.3.2000
71b42565-a158-479c-a187-60a3c7b4cacd,1TVmLXPQNHC-PvfwF2d80W6dmEbXuoZTK,Analisis_Gender_dan_Transformasi_Sosial-1.pdf,https://drive.google.com/file/d/1TVmLXPQNHC-PvfwF2d80W6dmEbXuoZTK/view?usp=drivesdk,3027,pdf,application/pdf,Analisis_Gender_dan_Transformasi_Sosial,1,,,,General,,,,,,NOT_READ,,FALSE,2026-01-24T12:36:43.610Z,2026-01-24T12:36:43.610Z,hmmits2025@gmail.com,https://drive.google.com/file/d/1TVmLXPQNHC-PvfwF2d80W6dmEbXuoZTK/view?usp=drivesdk,https://drive.google.com/uc?export=download&id=1TVmLXPQNHC-PvfwF2d80W6dmEbXuoZTK,https://drive.google.com/file/d/1TVmLXPQNHC-PvfwF2d80W6dmEbXuoZTK/preview?usp=drivesdk,2026-01-25T16:50:03.373Z,EXTRACTED,ERROR,,,6204eed4-d951-4ccf-b5ca-c9ced9f3b060,ERROR,,Kesalahan DNS: https://hooks.stepper.io/workflow/2185,,2026-01-24T12:36:43.610Z,0,Google Drive,,,MD5,4.3.2000
ccf94716-9315-4b52-a316-9c569fef477d,1yvYS6QsGpiSqIXcuBhYCFazO84zwQA4o,perjuangan akt 66 dalam tuntutan tritura.pdf,https://drive.google.com/file/d/1yvYS6QsGpiSqIXcuBhYCFazO84zwQA4o/view?usp=drivesdk,197,pdf,application/pdf,perjuangan akt 66 dalam tuntutan tritura,Unknown,,,,General,,,,,,NOT_READ,,FALSE,2026-01-24T12:36:44.220Z,2026-01-24T12:36:44.220Z,hmmits2025@gmail.com,https://drive.google.com/file/d/1yvYS6QsGpiSqIXcuBhYCFazO84zwQA4o/view?usp=drivesdk,https://drive.google.com/uc?export=download&id=1yvYS6QsGpiSqIXcuBhYCFazO84zwQA4o,https://drive.google.com/file/d/1yvYS6QsGpiSqIXcuBhYCFazO84zwQA4o/preview?usp=drivesdk,2026-01-25T16:50:05.338Z,EXTRACTED,ERROR,,,13c5b4b0-60da-4399-a6db-8e85d0aa9cbc,ERROR,,Kesalahan DNS: https://hooks.stepper.io/workflow/2185,,2026-01-24T12:36:44.220Z,0,Google Drive,,,MD5,4.3.2000
40f8229e-1c02-4c43-a236-3442218182bb,1lONYVnfdXH08XoguhvdhlSWfwyDuX_rr,Pengumpulan%20sumber%20sejarah%20lisan%20gerakan%20mahasiswa1966%20dan%201998.pdf,https://drive.google.com/file/d/1lONYVnfdXH08XoguhvdhlSWfwyDuX_rr/view?usp=drivesdk,49935,pdf,application/pdf,Pengumpulan%20sumber%20sejarah%20lisan%20gerakan%20mahasiswa1966%20dan%201998,Unknown,,,,General,,,,,,NOT_READ,,FALSE,2026-01-24T12:36:44.818Z,2026-01-24T12:36:44.818Z,hmmits2025@gmail.com,https://drive.google.com/file/d/1lONYVnfdXH08XoguhvdhlSWfwyDuX_rr/view?usp=drivesdk,https://drive.google.com/uc?export=download&id=1lONYVnfdXH08XoguhvdhlSWfwyDuX_rr,https://drive.google.com/file/d/1lONYVnfdXH08XoguhvdhlSWfwyDuX_rr/preview?usp=drivesdk,2026-01-25T16:50:07.351Z,EXTRACTED,ERROR,,,59a0f8ba-2e99-4990-b7d6-2d591a04cb85,ERROR,,Kesalahan DNS: https://hooks.stepper.io/workflow/2185,,2026-01-24T12:36:44.818Z,0,Google Drive,,,MD5,4.3.2000
81db5cc4-96f5-406b-9115-c58057f63049,1MBhd8L80BMvRKlBOgIjb-XDzTXYewnr4,"INTRODUCTION TO MALARI DARI SITUASI, AKSI, HINGGA RUSUH PADA AWAL ORDE BARU.pdf",https://drive.google.com/file/d/1MBhd8L80BMvRKlBOgIjb-XDzTXYewnr4/view?usp=drivesdk,472,pdf,application/pdf,"INTRODUCTION TO MALARI DARI SITUASI, AKSI, HINGGA RUSUH PADA AWAL ORDE BARU",Unknown,,,,General,,,,,,NOT_READ,,FALSE,2026-01-24T12:36:46.663Z,2026-01-24T12:36:46.663Z,hmmits2025@gmail.com,https://drive.google.com/file/d/1MBhd8L80BMvRKlBOgIjb-XDzTXYewnr4/view?usp=drivesdk,https://drive.google.com/uc?export=download&id=1MBhd8L80BMvRKlBOgIjb-XDzTXYewnr4,https://drive.google.com/file/d/1MBhd8L80BMvRKlBOgIjb-XDzTXYewnr4/preview?usp=drivesdk,2026-01-25T16:50:09.371Z,EXTRACTED,ERROR,,,59c39a89-4729-4f97-aa13-664fcb3f4c8b,ERROR,,Kesalahan DNS: https://hooks.stepper.io/workflow/2185,,2026-01-24T12:36:46.663Z,0,Google Drive,,,MD5,4.3.2000
c111cf8c-76e2-40ee-9862-505b6ffbdd56,1W_asuMjK7_fe2ayt8Kg2IYKbV-nGPs-B,malari studi gerakan mahasiswa masa orba.pdf,https://drive.google.com/file/d/1W_asuMjK7_fe2ayt8Kg2IYKbV-nGPs-B/view?usp=drivesdk,698,pdf,application/pdf,malari studi gerakan mahasiswa masa orba,Unknown,,,,General,,,,,,NOT_READ,,FALSE,2026-01-24T12:36:47.271Z,2026-01-24T12:36:47.271Z,hmmits2025@gmail.com,https://drive.google.com/file/d/1W_asuMjK7_fe2ayt8Kg2IYKbV-nGPs-B/view?usp=drivesdk,https://drive.google.com/uc?export=download&id=1W_asuMjK7_fe2ayt8Kg2IYKbV-nGPs-B,https://drive.google.com/file/d/1W_asuMjK7_fe2ayt8Kg2IYKbV-nGPs-B/preview?usp=drivesdk,2026-01-25T16:50:11.672Z,EXTRACTED,ERROR,,,95ed1f20-3736-4b81-a096-f2206a82ca48,ERROR,,Kesalahan DNS: https://hooks.stepper.io/workflow/2185,,2026-01-24T12:36:47.271Z,0,Google Drive,,,MD5,4.3.2000
b4dc1bbf-bd5e-42fd-865b-9360a4d1178c,1ZJQjWjWT6_-AlFCKUFMCstTkJD_bpzvy,GERAKAN MAHASISWA PASCA REFORMASI.pdf,https://drive.google.com/file/d/1ZJQjWjWT6_-AlFCKUFMCstTkJD_bpzvy/view?usp=drivesdk,329,pdf,application/pdf,GERAKAN MAHASISWA PASCA REFORMASI,Unknown,,,,General,,,,,,NOT_READ,,FALSE,2026-01-24T12:36:47.863Z,2026-01-24T12:36:47.863Z,hmmits2025@gmail.com,https://drive.google.com/file/d/1ZJQjWjWT6_-AlFCKUFMCstTkJD_bpzvy/view?usp=drivesdk,https://drive.google.com/uc?export=download&id=1ZJQjWjWT6_-AlFCKUFMCstTkJD_bpzvy,https://drive.google.com/file/d/1ZJQjWjWT6_-AlFCKUFMCstTkJD_bpzvy/preview?usp=drivesdk,2026-01-25T16:50:14.147Z,EXTRACTED,ERROR,,,fb8c0a70-8a47-43fa-96ac-aca3b742892e,ERROR,,Kesalahan DNS: https://hooks.stepper.io/workflow/2185,,2026-01-24T12:36:47.863Z,0,Google Drive,,,MD5,4.3.2000
12e33e51-5a3f-4967-8c65-9c231a6c698f,1J8c4QCwMwEjEohGuW0ZDpCgwPM9-HA2Y,ebookfoto20tahunreformasi.pdf,https://drive.google.com/file/d/1J8c4QCwMwEjEohGuW0ZDpCgwPM9-HA2Y/view?usp=drivesdk,3396,pdf,application/pdf,ebookfoto20tahunreformasi,Unknown,,,,General,,,,,,NOT_READ,,FALSE,2026-01-24T12:36:48.447Z,2026-01-24T12:36:48.447Z,hmmits2025@gmail.com,https://drive.google.com/file/d/1J8c4QCwMwEjEohGuW0ZDpCgwPM9-HA2Y/view?usp=drivesdk,https://drive.google.com/uc?export=download&id=1J8c4QCwMwEjEohGuW0ZDpCgwPM9-HA2Y,https://drive.google.com/file/d/1J8c4QCwMwEjEohGuW0ZDpCgwPM9-HA2Y/preview?usp=drivesdk,2026-01-25T16:50:16.047Z,EXTRACTED,ERROR,,,478bec5f-8575-4559-b543-d1337165507d,ERROR,,Kesalahan DNS: https://hooks.stepper.io/workflow/2185,,2026-01-24T12:36:48.447Z,0,Google Drive,,,MD5,4.3.2000
4c780b0d-2f95-466c-887e-31703be076d5,1rppgJ2ZuK4SI3amm3gfF3lHARWfw7P43,Catahu-2019-reformasi-dikorupsi.pdf,https://drive.google.com/file/d/1rppgJ2ZuK4SI3amm3gfF3lHARWfw7P43/view?usp=drivesdk,4318,pdf,application/pdf,Catahu,2019-reformasi-dikorupsi,,,,General,,,,,,NOT_READ,,FALSE,2026-01-24T12:36:49.130Z,2026-01-24T12:36:49.130Z,hmmits2025@gmail.com,https://drive.google.com/file/d/1rppgJ2ZuK4SI3amm3gfF3lHARWfw7P43/view?usp=drivesdk,https://drive.google.com/uc?export=download&id=1rppgJ2ZuK4SI3amm3gfF3lHARWfw7P43,https://drive.google.com/file/d/1rppgJ2ZuK4SI3amm3gfF3lHARWfw7P43/preview?usp=drivesdk,2026-01-25T17:09:45.861Z,EXTRACTED,ERROR,,,9007c50a-9afe-45f2-9bac-2ad3f287bddb,ERROR,,Kesalahan DNS: https://hooks.stepper.io/workflow/2185,,2026-01-24T12:36:49.130Z,0,Google Drive,,,MD5,4.3.2000
22f0530f-05b1-4d67-8717-993a35a8ab8f,1oxLHiftK2Hc9f8xPLBG2kCg4tTPmGTze,gerakan demo demokrasi di korupsi.pdf,https://drive.google.com/file/d/1oxLHiftK2Hc9f8xPLBG2kCg4tTPmGTze/view?usp=drivesdk,2465,pdf,application/pdf,gerakan demo demokrasi di korupsi,Unknown,,,,General,,,,,,NOT_READ,,FALSE,2026-01-24T12:36:49.780Z,2026-01-24T12:36:49.780Z,hmmits2025@gmail.com,https://drive.google.com/file/d/1oxLHiftK2Hc9f8xPLBG2kCg4tTPmGTze/view?usp=drivesdk,https://drive.google.com/uc?export=download&id=1oxLHiftK2Hc9f8xPLBG2kCg4tTPmGTze,https://drive.google.com/file/d/1oxLHiftK2Hc9f8xPLBG2kCg4tTPmGTze/preview?usp=drivesdk,2026-01-25T17:09:48.238Z,EXTRACTED,ERROR,,,4ed49dc5-b511-4515-8af1-eb03fa84c908,ERROR,,Kesalahan DNS: https://hooks.stepper.io/workflow/2185,,2026-01-24T12:36:49.780Z,0,Google Drive,,,MD5,4.3.2000
c5e9a9f2-2349-4efa-a3c1-38b4b81cf213,1CjtIvvTvFOn6mF4nJs9EhOiul9GAs_Fj,ReformasiDikorupsi_Emergence_and_Failure.pdf,https://drive.google.com/file/d/1CjtIvvTvFOn6mF4nJs9EhOiul9GAs_Fj/view?usp=drivesdk,624,pdf,application/pdf,ReformasiDikorupsi_Emergence_and_Failure,Unknown,,,,General,,,,,,NOT_READ,,FALSE,2026-01-24T12:36:50.384Z,2026-01-24T12:36:50.384Z,hmmits2025@gmail.com,https://drive.google.com/file/d/1CjtIvvTvFOn6mF4nJs9EhOiul9GAs_Fj/view?usp=drivesdk,https://drive.google.com/uc?export=download&id=1CjtIvvTvFOn6mF4nJs9EhOiul9GAs_Fj,https://drive.google.com/file/d/1CjtIvvTvFOn6mF4nJs9EhOiul9GAs_Fj/preview?usp=drivesdk,2026-01-25T17:09:50.348Z,EXTRACTED,ERROR,,,1fd9413a-5ec9-483a-a7e0-89b0cd4c4655,ERROR,,Kesalahan DNS: https://hooks.stepper.io/workflow/2185,,2026-01-24T12:36:50.384Z,0,Google Drive,,,MD5,4.3.2000
2de1cf71-19a0-4665-8a73-775212c60329,1F614RDW_fEL4MCTEul5zr45pNAsfcQvk,peristiwa malari di palembang.pdf,https://drive.google.com/file/d/1F614RDW_fEL4MCTEul5zr45pNAsfcQvk/view?usp=drivesdk,86,pdf,application/pdf,peristiwa malari di palembang,Unknown,,,,General,,,,,,NOT_READ,,FALSE,2026-01-24T12:36:51.128Z,2026-01-24T12:36:51.128Z,hmmits2025@gmail.com,https://drive.google.com/file/d/1F614RDW_fEL4MCTEul5zr45pNAsfcQvk/view?usp=drivesdk,https://drive.google.com/uc?export=download&id=1F614RDW_fEL4MCTEul5zr45pNAsfcQvk,https://drive.google.com/file/d/1F614RDW_fEL4MCTEul5zr45pNAsfcQvk/preview?usp=drivesdk,2026-01-25T17:09:53.001Z,EXTRACTED,ERROR,,,ca56bc4b-9a66-405e-9f04-cfefd165d810,ERROR,,Kesalahan DNS: https://hooks.stepper.io/workflow/2185,,2026-01-24T12:36:51.128Z,0,Google Drive,,,MD5,4.3.2000
6c623d7c-028a-4810-aca7-819e0a5ee2d0,192f1J65eywQcBJXNZGbzY4EsDYgcVdrL,Panduan-Implementasi-Kurikulum-MBKM-PTV-Webversion.pdf,https://drive.google.com/file/d/192f1J65eywQcBJXNZGbzY4EsDYgcVdrL/view?usp=drivesdk,5948,pdf,application/pdf,Panduan,Implementasi-Kurikulum-MBKM-PTV-Webversion,,,,General,,,,,,NOT_READ,,FALSE,2026-01-24T12:36:51.763Z,2026-01-24T12:36:51.763Z,hmmits2025@gmail.com,https://drive.google.com/file/d/192f1J65eywQcBJXNZGbzY4EsDYgcVdrL/view?usp=drivesdk,https://drive.google.com/uc?export=download&id=192f1J65eywQcBJXNZGbzY4EsDYgcVdrL,https://drive.google.com/file/d/192f1J65eywQcBJXNZGbzY4EsDYgcVdrL/preview?usp=drivesdk,2026-01-25T17:09:55.044Z,EXTRACTED,ERROR,,,c9f1c454-f6aa-4cc0-81e1-6dcb5c860c56,ERROR,,Kesalahan DNS: https://hooks.stepper.io/workflow/2185,,2026-01-24T12:36:51.763Z,0,Google Drive,,,MD5,4.3.2000
38907075-bc31-4aa9-8a10-03182da8be26,11gsEYPFNM9FCfzSzq--_DYSI85Dlb6dy,problematika dan implementasi kurikulum merdeka belajar.pdf,https://drive.google.com/file/d/11gsEYPFNM9FCfzSzq--_DYSI85Dlb6dy/view?usp=drivesdk,173,pdf,application/pdf,problematika dan implementasi kurikulum merdeka belajar,Unknown,,,,General,,,,,,NOT_READ,,FALSE,2026-01-24T12:36:52.428Z,2026-01-24T12:36:52.428Z,hmmits2025@gmail.com,https://drive.google.com/file/d/11gsEYPFNM9FCfzSzq--_DYSI85Dlb6dy/view?usp=drivesdk,https://drive.google.com/uc?export=download&id=11gsEYPFNM9FCfzSzq--_DYSI85Dlb6dy,https://drive.google.com/file/d/11gsEYPFNM9FCfzSzq--_DYSI85Dlb6dy/preview?usp=drivesdk,2026-01-25T17:09:57.207Z,EXTRACTED,ERROR,,,440c1aba-4b63-4bc4-99c6-c5f1905dee5a,ERROR,,Kesalahan DNS: https://hooks.stepper.io/workflow/2185,,2026-01-24T12:36:52.428Z,0,Google Drive,,,MD5,4.3.2000
0b712da1-4279-44e5-a193-321aaad9c8d2,10iN4BPo7I4EgFT6pUTkXdMkHKgVdYsRL,Implementasi_dan_Tantangan_Kebijakan_Kurikulum_Mer.pdf,https://drive.google.com/file/d/10iN4BPo7I4EgFT6pUTkXdMkHKgVdYsRL/view?usp=drivesdk,226,pdf,application/pdf,Implementasi_dan_Tantangan_Kebijakan_Kurikulum_Mer,Unknown,,,,General,,,,,,NOT_READ,,FALSE,2026-01-24T12:36:53.067Z,2026-01-24T12:36:53.067Z,hmmits2025@gmail.com,https://drive.google.com/file/d/10iN4BPo7I4EgFT6pUTkXdMkHKgVdYsRL/view?usp=drivesdk,https://drive.google.com/uc?export=download&id=10iN4BPo7I4EgFT6pUTkXdMkHKgVdYsRL,https://drive.google.com/file/d/10iN4BPo7I4EgFT6pUTkXdMkHKgVdYsRL/preview?usp=drivesdk,2026-01-25T17:09:59.438Z,EXTRACTED,ERROR,,,fcf0abd7-3eb7-40d8-bac7-7d06e00a9f24,ERROR,,Kesalahan DNS: https://hooks.stepper.io/workflow/2185,,2026-01-24T12:36:53.067Z,0,Google Drive,,,MD5,4.3.2000
77100eb0-ed12-46c1-838c-6339a3d99490,1ETKaII10BHKGYRwcIHkauXRjPXdFl6gO,Implementasi dan Tantangan Kebijakan Kurikulum Merdeka Belajar Kampus Merdeka di Perguruan Tinggi Indonesia.pdf,https://drive.google.com/file/d/1ETKaII10BHKGYRwcIHkauXRjPXdFl6gO/view?usp=drivesdk,226,pdf,application/pdf,Implementasi dan Tantangan Kebijakan Kurikulum Merdeka Belajar Kampus Merdeka di Perguruan Tinggi Indonesia,Unknown,,,,General,,,,,,NOT_READ,,FALSE,2026-01-24T12:36:53.727Z,2026-01-24T12:36:53.727Z,hmmits2025@gmail.com,https://drive.google.com/file/d/1ETKaII10BHKGYRwcIHkauXRjPXdFl6gO/view?usp=drivesdk,https://drive.google.com/uc?export=download&id=1ETKaII10BHKGYRwcIHkauXRjPXdFl6gO,https://drive.google.com/file/d/1ETKaII10BHKGYRwcIHkauXRjPXdFl6gO/preview?usp=drivesdk,2026-01-25T17:10:01.693Z,EXTRACTED,ERROR,,,8cb314bd-67ed-4bee-b0f4-aaa0409d9d90,ERROR,,Kesalahan DNS: https://hooks.stepper.io/workflow/2185,,2026-01-24T12:36:53.727Z,0,Google Drive,,,MD5,4.3.2000
fb57aa6d-b3b7-4cfa-a3f0-d0c973827e89,1DGqwuDpmV5YZdqwy3qtMJp-0jFVOCSa9,"Sosialisasi Permendikdasmen No. 13 Tahun 2025 Tentang Struktur Kurikulum, P5 Dihapus_ - Disdik Kepri.pdf",https://drive.google.com/file/d/1DGqwuDpmV5YZdqwy3qtMJp-0jFVOCSa9/view?usp=drivesdk,469,pdf,application/pdf,"Sosialisasi Permendikdasmen No. 13 Tahun 2025 Tentang Struktur Kurikulum, P5 Dihapus_",Disdik Kepri,,,,General,,,,,,NOT_READ,,FALSE,2026-01-24T12:36:54.355Z,2026-01-24T12:36:54.355Z,hmmits2025@gmail.com,https://drive.google.com/file/d/1DGqwuDpmV5YZdqwy3qtMJp-0jFVOCSa9/view?usp=drivesdk,https://drive.google.com/uc?export=download&id=1DGqwuDpmV5YZdqwy3qtMJp-0jFVOCSa9,https://drive.google.com/file/d/1DGqwuDpmV5YZdqwy3qtMJp-0jFVOCSa9/preview?usp=drivesdk,2026-01-25T17:10:04.289Z,EXTRACTED,ERROR,,,a82daeb7-ce4b-47ca-be67-9f4cb17e12d9,ERROR,,Kesalahan DNS: https://hooks.stepper.io/workflow/2185,,2026-01-24T12:36:54.355Z,0,Google Drive,,,MD5,4.3.2000
7c9d85c4-45bc-41b2-89d6-7a12f53ea190,1t19C9tG-PyZOVDKWuWx7zEANqK45oeJJ,problematika implementasi merdeka di sekolah .pdf,https://drive.google.com/file/d/1t19C9tG-PyZOVDKWuWx7zEANqK45oeJJ/view?usp=drivesdk,1338,pdf,application/pdf,problematika implementasi merdeka di sekolah ,Unknown,,,,General,,,,,,NOT_READ,,FALSE,2026-01-24T12:36:54.997Z,2026-01-24T12:36:54.997Z,hmmits2025@gmail.com,https://drive.google.com/file/d/1t19C9tG-PyZOVDKWuWx7zEANqK45oeJJ/view?usp=drivesdk,https://drive.google.com/uc?export=download&id=1t19C9tG-PyZOVDKWuWx7zEANqK45oeJJ,https://drive.google.com/file/d/1t19C9tG-PyZOVDKWuWx7zEANqK45oeJJ/preview?usp=drivesdk,2026-01-25T17:10:06.327Z,EXTRACTED,ERROR,,,1b6a6359-6f2c-407d-9582-baabfaf23fde,ERROR,,Kesalahan DNS: https://hooks.stepper.io/workflow/2185,,2026-01-24T12:36:54.997Z,0,Google Drive,,,MD5,4.3.2000
705896aa-5454-430f-8717-606270baa1d6,1K6vBvwFbxciBCkkK_woSA2WLJX7e_QK6,isu global pengembangan kurikulum merdeka dan pemagangan life skill sorld class education.pdf,https://drive.google.com/file/d/1K6vBvwFbxciBCkkK_woSA2WLJX7e_QK6/view?usp=drivesdk,685,pdf,application/pdf,isu global pengembangan kurikulum merdeka dan pemagangan life skill sorld class education,Unknown,,,,General,,,,,,NOT_READ,,FALSE,2026-01-24T12:36:55.588Z,2026-01-24T12:36:55.588Z,hmmits2025@gmail.com,https://drive.google.com/file/d/1K6vBvwFbxciBCkkK_woSA2WLJX7e_QK6/view?usp=drivesdk,https://drive.google.com/uc?export=download&id=1K6vBvwFbxciBCkkK_woSA2WLJX7e_QK6,https://drive.google.com/file/d/1K6vBvwFbxciBCkkK_woSA2WLJX7e_QK6/preview?usp=drivesdk,2026-01-28T14:21:34.508Z,EXTRACTED,ERROR,,,a17b36c2-eff4-4e49-8ad7-a1be9adc97ae,ERROR,,Kesalahan DNS: https://hooks.stepper.io/workflow/2185,,2026-01-24T12:36:55.588Z,0,Google Drive,,,MD5,4.3.2000
02a6112b-fa98-498d-bfd1-ad7ac30c30a4,1vtLyzuUgBZEB08JjOPNleMjqviAhk38U,InFER_DP_06_1_Mapping_Stakeholder_Theory_Anew.pdf,https://drive.google.com/file/d/1vtLyzuUgBZEB08JjOPNleMjqviAhk38U/view?usp=drivesdk,178,pdf,application/pdf,InFER_DP_06_1_Mapping_Stakeholder_Theory_Anew,Unknown,,,,General,,,,,,NOT_READ,,FALSE,2026-01-24T12:36:56.229Z,2026-01-24T12:36:56.229Z,hmmits2025@gmail.com,https://drive.google.com/file/d/1vtLyzuUgBZEB08JjOPNleMjqviAhk38U/view?usp=drivesdk,https://drive.google.com/uc?export=download&id=1vtLyzuUgBZEB08JjOPNleMjqviAhk38U,https://drive.google.com/file/d/1vtLyzuUgBZEB08JjOPNleMjqviAhk38U/preview?usp=drivesdk,2026-01-28T14:21:37.029Z,EXTRACTED,ERROR,,,f4f50287-acaf-48bc-a1e7-353039e5dfb4,ERROR,,Kesalahan DNS: https://hooks.stepper.io/workflow/2185,,2026-01-24T12:36:56.229Z,0,Google Drive,,,MD5,4.3.2000
0d3f8288-fa3e-40a9-a4bf-726f4d1a85dc,1-4vE7ucyH1i_99p78-bf5TACSnN0GuY4,the stakeholder theory of corporation.pdf,https://drive.google.com/file/d/1-4vE7ucyH1i_99p78-bf5TACSnN0GuY4/view?usp=drivesdk,531,pdf,application/pdf,the stakeholder theory of corporation,Unknown,,,,General,,,,,,NOT_READ,,FALSE,2026-01-24T12:36:56.805Z,2026-01-24T12:36:56.805Z,hmmits2025@gmail.com,https://drive.google.com/file/d/1-4vE7ucyH1i_99p78-bf5TACSnN0GuY4/view?usp=drivesdk,https://drive.google.com/uc?export=download&id=1-4vE7ucyH1i_99p78-bf5TACSnN0GuY4,https://drive.google.com/file/d/1-4vE7ucyH1i_99p78-bf5TACSnN0GuY4/preview?usp=drivesdk,2026-01-28T14:21:41.386Z,EXTRACTED,ERROR,,,83752c3f-7304-4d75-8afb-8825d540039b,ERROR,,Kesalahan DNS: https://hooks.stepper.io/workflow/2185,,2026-01-24T12:36:56.805Z,0,Google Drive,,,MD5,4.3.2000
94dab785-1fcc-4ed3-af85-ae6a4d1dbde2,1tEi-SkK0-kac2fKsvY8GvjrdExYvCn8l,stakeholder-theory-a-model-for-strategic-management-9783319443560-2016956693.pdf,https://drive.google.com/file/d/1tEi-SkK0-kac2fKsvY8GvjrdExYvCn8l/view?usp=drivesdk,1908,pdf,application/pdf,stakeholder,theory-a-model-for-strategic-management-9783319443560-2016956693,,,,General,,,,,,NOT_READ,,FALSE,2026-01-24T12:36:57.413Z,2026-01-24T12:36:57.413Z,hmmits2025@gmail.com,https://drive.google.com/file/d/1tEi-SkK0-kac2fKsvY8GvjrdExYvCn8l/view?usp=drivesdk,https://drive.google.com/uc?export=download&id=1tEi-SkK0-kac2fKsvY8GvjrdExYvCn8l,https://drive.google.com/file/d/1tEi-SkK0-kac2fKsvY8GvjrdExYvCn8l/preview?usp=drivesdk,2026-01-28T14:21:45.785Z,EXTRACTED,ERROR,,,feb67bf0-729c-4a79-a03e-b7286b0ef5cb,ERROR,,Kesalahan DNS: https://hooks.stepper.io/workflow/2185,,2026-01-24T12:36:57.413Z,0,Google Drive,,,MD5,4.3.2000
a7135d6b-4131-47b8-a2d4-095bd293f37e,1xPvVE2R8ugw2XCPilJgNFMdff-Y86inG,management-a-stakeholder-approach-0273019139-9780273019138.pdf,https://drive.google.com/file/d/1xPvVE2R8ugw2XCPilJgNFMdff-Y86inG/view?usp=drivesdk,16270,pdf,application/pdf,management,a-stakeholder-approach-0273019139-9780273019138,,,,General,,,,,,NOT_READ,,FALSE,2026-01-24T12:36:58.019Z,2026-01-24T12:36:58.019Z,hmmits2025@gmail.com,https://drive.google.com/file/d/1xPvVE2R8ugw2XCPilJgNFMdff-Y86inG/view?usp=drivesdk,https://drive.google.com/uc?export=download&id=1xPvVE2R8ugw2XCPilJgNFMdff-Y86inG,https://drive.google.com/file/d/1xPvVE2R8ugw2XCPilJgNFMdff-Y86inG/preview?usp=drivesdk,2026-01-28T14:21:49.117Z,EXTRACTED,ERROR,,,3f57ff33-84fc-4757-95e8-320c42325564,ERROR,,Kesalahan DNS: https://hooks.stepper.io/workflow/2185,,2026-01-24T12:36:58.019Z,0,Google Drive,,,MD5,4.3.2000
24780b7c-1223-49b2-af0a-835ae10f3b1d,1AV5WdEMMrDvmrQPxPUsqynyHX5TGzYuk,TOWARDA THEORYOF STAKEHOLDER IDENTIFICATIONAND SALIEN.pdf,https://drive.google.com/file/d/1AV5WdEMMrDvmrQPxPUsqynyHX5TGzYuk/view?usp=drivesdk,569,pdf,application/pdf,TOWARDA THEORYOF STAKEHOLDER IDENTIFICATIONAND SALIEN,Unknown,,,,General,,,,,,NOT_READ,,FALSE,2026-01-24T12:36:58.567Z,2026-01-24T12:36:58.567Z,hmmits2025@gmail.com,https://drive.google.com/file/d/1AV5WdEMMrDvmrQPxPUsqynyHX5TGzYuk/view?usp=drivesdk,https://drive.google.com/uc?export=download&id=1AV5WdEMMrDvmrQPxPUsqynyHX5TGzYuk,https://drive.google.com/file/d/1AV5WdEMMrDvmrQPxPUsqynyHX5TGzYuk/preview?usp=drivesdk,2026-01-28T14:21:51.994Z,EXTRACTED,ERROR,,,23a17c35-bc13-4a5b-93a4-1a25188c65cf,ERROR,,Kesalahan DNS: https://hooks.stepper.io/workflow/2185,,2026-01-24T12:36:58.567Z,0,Google Drive,,,MD5,4.3.2000
130c2cc5-33f0-4458-9f10-dbb38e48ecaa,15OJZZhUMIQE8oeFTYKwaK9Tno7suEjLN,A_Stakeholder_Approach_to_Strategic_Management.pdf,https://drive.google.com/file/d/15OJZZhUMIQE8oeFTYKwaK9Tno7suEjLN/view?usp=drivesdk,73,pdf,application/pdf,A_Stakeholder_Approach_to_Strategic_Management,Unknown,,,,General,,,,,,NOT_READ,,FALSE,2026-01-24T12:36:59.222Z,2026-01-24T12:36:59.222Z,hmmits2025@gmail.com,https://drive.google.com/file/d/15OJZZhUMIQE8oeFTYKwaK9Tno7suEjLN/view?usp=drivesdk,https://drive.google.com/uc?export=download&id=15OJZZhUMIQE8oeFTYKwaK9Tno7suEjLN,https://drive.google.com/file/d/15OJZZhUMIQE8oeFTYKwaK9Tno7suEjLN/preview?usp=drivesdk,2026-01-28T14:21:54.415Z,EXTRACTED,ERROR,,,9598e0d6-2bf0-4e34-bdf8-cd58e53dcfc4,ERROR,,Kesalahan DNS: https://hooks.stepper.io/workflow/2185,,2026-01-24T12:36:59.222Z,0,Google Drive,,,MD5,4.3.2000
2998f8e2-1764-4826-a709-4463f71e38aa,1fKsNpYRON_YTPgFjoG-iy_EHFtqJ8SLe,ThompsonAnniversary.pdf,https://drive.google.com/file/d/1fKsNpYRON_YTPgFjoG-iy_EHFtqJ8SLe/view?usp=drivesdk,2542,pdf,application/pdf,ThompsonAnniversary,Unknown,,,,General,,,,,,NOT_READ,,FALSE,2026-01-24T12:36:59.794Z,2026-01-24T12:36:59.794Z,hmmits2025@gmail.com,https://drive.google.com/file/d/1fKsNpYRON_YTPgFjoG-iy_EHFtqJ8SLe/view?usp=drivesdk,https://drive.google.com/uc?export=download&id=1fKsNpYRON_YTPgFjoG-iy_EHFtqJ8SLe,https://drive.google.com/file/d/1fKsNpYRON_YTPgFjoG-iy_EHFtqJ8SLe/preview?usp=drivesdk,2026-01-28T14:21:56.670Z,EXTRACTED,ERROR,,,61a545d2-1a41-4b76-9eaf-73341ffa9bd5,ERROR,,Kesalahan DNS: https://hooks.stepper.io/workflow/2185,,2026-01-24T12:36:59.794Z,0,Google Drive,,,MD5,4.3.2000
ece223d6-de6b-4edb-9bb3-e2cd8e194add,1SpbaZvo5WLWPCLELeVTCOHUvJXmcNNz-,extendeing organizational contigency theory to team.pdf,https://drive.google.com/file/d/1SpbaZvo5WLWPCLELeVTCOHUvJXmcNNz-/view?usp=drivesdk,2381,pdf,application/pdf,extendeing organizational contigency theory to team,Unknown,,,,General,,,,,,NOT_READ,,FALSE,2026-01-24T12:37:00.395Z,2026-01-24T12:37:00.395Z,hmmits2025@gmail.com,https://drive.google.com/file/d/1SpbaZvo5WLWPCLELeVTCOHUvJXmcNNz-/view?usp=drivesdk,https://drive.google.com/uc?export=download&id=1SpbaZvo5WLWPCLELeVTCOHUvJXmcNNz-,https://drive.google.com/file/d/1SpbaZvo5WLWPCLELeVTCOHUvJXmcNNz-/preview?usp=drivesdk,2026-01-28T14:22:00.179Z,EXTRACTED,ERROR,,,3409c189-d8bb-4058-91f1-c1e2624fcd01,ERROR,,Kesalahan DNS: https://hooks.stepper.io/workflow/2185,,2026-01-24T12:37:00.395Z,0,Google Drive,,,MD5,4.3.2000
72ca78ce-3528-4318-a4a7-0e832517024d,1pKWDitVbT829W8uVKJsfnPvNjtGDDB-M,2015.138478.Industrial-Organization-And-Management---Third-Edition.pdf,https://drive.google.com/file/d/1pKWDitVbT829W8uVKJsfnPvNjtGDDB-M/view?usp=drivesdk,33862,pdf,application/pdf,2015.138478.Industrial,Organization-And-Management---Third-Edition,,,,General,,,,,,NOT_READ,,FALSE,2026-01-24T12:37:00.998Z,2026-01-24T12:37:00.998Z,hmmits2025@gmail.com,https://drive.google.com/file/d/1pKWDitVbT829W8uVKJsfnPvNjtGDDB-M/view?usp=drivesdk,https://drive.google.com/uc?export=download&id=1pKWDitVbT829W8uVKJsfnPvNjtGDDB-M,https://drive.google.com/file/d/1pKWDitVbT829W8uVKJsfnPvNjtGDDB-M/preview?usp=drivesdk,2026-01-28T14:22:05.252Z,EXTRACTED,ERROR,,,6b8b6451-fa8b-4650-abd8-6ab229b28482,ERROR,,Kesalahan DNS: https://hooks.stepper.io/workflow/2185,,2026-01-24T12:37:00.998Z,0,Google Drive,,,MD5,4.3.2000
819bc455-0033-499a-a522-ea2083f07ba3,17IGGnIs7V-pUCGG-h6BSvJF3nHlpB8cr,contingencies or cognition.pdf,https://drive.google.com/file/d/17IGGnIs7V-pUCGG-h6BSvJF3nHlpB8cr/view?usp=drivesdk,1011,pdf,application/pdf,contingencies or cognition,,,,,Uncategorized,,,,,,NOT_READ,,FALSE,2026-01-24T12:37:01.616Z,2026-01-24T12:37:01.616Z,hmmits2025@gmail.com,https://drive.google.com/file/d/17IGGnIs7V-pUCGG-h6BSvJF3nHlpB8cr/view?usp=drivesdk,https://drive.google.com/uc?export=download&id=17IGGnIs7V-pUCGG-h6BSvJF3nHlpB8cr,https://drive.google.com/file/d/17IGGnIs7V-pUCGG-h6BSvJF3nHlpB8cr/preview?usp=drivesdk,,PENDING,PENDING,,,,PENDING,,,,2026-01-24T12:37:01.616Z,0,Google Drive,,,MD5,4.3.2000
1a19bfb8-f643-4eb7-afff-e2d49527a357,1jxuVHL0xk89gczSfPMvwkQMHFQnDyyAn,Kilmann_Organization-Design and knowledge.pdf,https://drive.google.com/file/d/1jxuVHL0xk89gczSfPMvwkQMHFQnDyyAn/view?usp=drivesdk,844,pdf,application/pdf,Kilmann_Organization-Design and knowledge,,,,,Uncategorized,,,,,,NOT_READ,,FALSE,2026-01-24T12:37:02.257Z,2026-01-24T12:37:02.257Z,hmmits2025@gmail.com,https://drive.google.com/file/d/1jxuVHL0xk89gczSfPMvwkQMHFQnDyyAn/view?usp=drivesdk,https://drive.google.com/uc?export=download&id=1jxuVHL0xk89gczSfPMvwkQMHFQnDyyAn,https://drive.google.com/file/d/1jxuVHL0xk89gczSfPMvwkQMHFQnDyyAn/preview?usp=drivesdk,,PENDING,PENDING,,,,PENDING,,,,2026-01-24T12:37:02.257Z,0,Google Drive,,,MD5,4.3.2000
4c5489f3-7d0b-4ead-9f03-3adda4a030f5,1nF1yFvBtCIbjfXi8sWhEaPBlzD8Rr7_V,OrganiationsandEnvironmentFinal.pdf,https://drive.google.com/file/d/1nF1yFvBtCIbjfXi8sWhEaPBlzD8Rr7_V/view?usp=drivesdk,80,pdf,application/pdf,OrganiationsandEnvironmentFinal,,,,,Uncategorized,,,,,,NOT_READ,,FALSE,2026-01-24T12:37:02.946Z,2026-01-24T12:37:02.946Z,hmmits2025@gmail.com,https://drive.google.com/file/d/1nF1yFvBtCIbjfXi8sWhEaPBlzD8Rr7_V/view?usp=drivesdk,https://drive.google.com/uc?export=download&id=1nF1yFvBtCIbjfXi8sWhEaPBlzD8Rr7_V,https://drive.google.com/file/d/1nF1yFvBtCIbjfXi8sWhEaPBlzD8Rr7_V/preview?usp=drivesdk,,PENDING,PENDING,,,,PENDING,,,,2026-01-24T12:37:02.946Z,0,Google Drive,,,MD5,4.3.2000
d0876e15-a7ed-49d0-9438-e268d396e548,14D_bcosD_QJlFwmx7Ijq4w89F5JIffnO,Organization and Environment Managing Differentiation and .pdf,https://drive.google.com/file/d/14D_bcosD_QJlFwmx7Ijq4w89F5JIffnO/view?usp=drivesdk,778,pdf,application/pdf,Organization and Environment Managing Differentiation and ,,,,,Uncategorized,,,,,,NOT_READ,,FALSE,2026-01-24T12:37:03.548Z,2026-01-24T12:37:03.548Z,hmmits2025@gmail.com,https://drive.google.com/file/d/14D_bcosD_QJlFwmx7Ijq4w89F5JIffnO/view?usp=drivesdk,https://drive.google.com/uc?export=download&id=14D_bcosD_QJlFwmx7Ijq4w89F5JIffnO,https://drive.google.com/file/d/14D_bcosD_QJlFwmx7Ijq4w89F5JIffnO/preview?usp=drivesdk,,PENDING,PENDING,,,,PENDING,,,,2026-01-24T12:37:03.548Z,0,Google Drive,,,MD5,4.3.2000
082937e4-062e-4ca5-a372-d715d809c409,1iJJt0XjVpdbnhvfAV4ZWmB5nKk0POF3C,Scott_Ch1and2_Inst_and_Org.pdf,https://drive.google.com/file/d/1iJJt0XjVpdbnhvfAV4ZWmB5nKk0POF3C/view?usp=drivesdk,5780,pdf,application/pdf,Scott_Ch1and2_Inst_and_Org,,,,,Uncategorized,,,,,,NOT_READ,,FALSE,2026-01-24T12:37:04.156Z,2026-01-24T12:37:04.156Z,hmmits2025@gmail.com,https://drive.google.com/file/d/1iJJt0XjVpdbnhvfAV4ZWmB5nKk0POF3C/view?usp=drivesdk,https://drive.google.com/uc?export=download&id=1iJJt0XjVpdbnhvfAV4ZWmB5nKk0POF3C,https://drive.google.com/file/d/1iJJt0XjVpdbnhvfAV4ZWmB5nKk0POF3C/preview?usp=drivesdk,,PENDING,PENDING,,,,PENDING,,,,2026-01-24T12:37:04.156Z,0,Google Drive,,,MD5,4.3.2000
be3bedd5-96a6-4cfb-afa3-59a09aef4acd,1mBgPVIhdZgVpZA7SFgJFsKKgH9OGsnoN,Scott+institutions+and+organisations+kap+1_prcent_2C+2_prcent_2C+3.pdf,https://drive.google.com/file/d/1mBgPVIhdZgVpZA7SFgJFsKKgH9OGsnoN/view?usp=drivesdk,8274,pdf,application/pdf,Scott+institutions+and+organisations+kap+1_prcent_2C+2_prcent_2C+3,,,,,Uncategorized,,,,,,NOT_READ,,FALSE,2026-01-24T12:37:04.791Z,2026-01-24T12:37:04.791Z,hmmits2025@gmail.com,https://drive.google.com/file/d/1mBgPVIhdZgVpZA7SFgJFsKKgH9OGsnoN/view?usp=drivesdk,https://drive.google.com/uc?export=download&id=1mBgPVIhdZgVpZA7SFgJFsKKgH9OGsnoN,https://drive.google.com/file/d/1mBgPVIhdZgVpZA7SFgJFsKKgH9OGsnoN/preview?usp=drivesdk,,PENDING,PENDING,,,,PENDING,,,,2026-01-24T12:37:04.791Z,0,Google Drive,,,MD5,4.3.2000
1985162e-734a-4e25-b115-925ba5338d92,1uYj1NtTH3jJq8ttSqxP-yeJzjKUS0kHp,dokumen.pub_institutions-and-organizations-a-process-view-019884381x-9780198843818.pdf,https://drive.google.com/file/d/1uYj1NtTH3jJq8ttSqxP-yeJzjKUS0kHp/view?usp=drivesdk,1625,pdf,application/pdf,dokumen.pub_institutions-and-organizations-a-process-view-019884381x-9780198843818,,,,,Uncategorized,,,,,,NOT_READ,,FALSE,2026-01-24T12:37:05.397Z,2026-01-24T12:37:05.397Z,hmmits2025@gmail.com,https://drive.google.com/file/d/1uYj1NtTH3jJq8ttSqxP-yeJzjKUS0kHp/view?usp=drivesdk,https://drive.google.com/uc?export=download&id=1uYj1NtTH3jJq8ttSqxP-yeJzjKUS0kHp,https://drive.google.com/file/d/1uYj1NtTH3jJq8ttSqxP-yeJzjKUS0kHp/preview?usp=drivesdk,,PENDING,PENDING,,,,PENDING,,,,2026-01-24T12:37:05.397Z,0,Google Drive,,,MD5,4.3.2000
0efc666d-4570-4489-8185-ab23e3fec5d8,1aAFuXSAhKTIEg5uniuYi3xBJWWlNy7Ga,Meyer-Rowan-Instlzd_Orgs.pdf,https://drive.google.com/file/d/1aAFuXSAhKTIEg5uniuYi3xBJWWlNy7Ga/view?usp=drivesdk,715,pdf,application/pdf,Meyer-Rowan-Instlzd_Orgs,,,,,Uncategorized,,,,,,NOT_READ,,FALSE,2026-01-24T12:37:06.008Z,2026-01-24T12:37:06.008Z,hmmits2025@gmail.com,https://drive.google.com/file/d/1aAFuXSAhKTIEg5uniuYi3xBJWWlNy7Ga/view?usp=drivesdk,https://drive.google.com/uc?export=download&id=1aAFuXSAhKTIEg5uniuYi3xBJWWlNy7Ga,https://drive.google.com/file/d/1aAFuXSAhKTIEg5uniuYi3xBJWWlNy7Ga/preview?usp=drivesdk,,PENDING,PENDING,,,,PENDING,,,,2026-01-24T12:37:06.008Z,0,Google Drive,,,MD5,4.3.2000
ddad8acb-232b-4b7a-8387-0af6a1e76044,1K0Ql23VaGkoR_Kq5kVKnuc-Une7cmbLs,The_Iron_Cage_Revisited_Isomorphism_in_Organizati.pdf,https://drive.google.com/file/d/1K0Ql23VaGkoR_Kq5kVKnuc-Une7cmbLs/view?usp=drivesdk,2507,pdf,application/pdf,The_Iron_Cage_Revisited_Isomorphism_in_Organizati,,,,,Uncategorized,,,,,,NOT_READ,,FALSE,2026-01-24T12:37:06.626Z,2026-01-24T12:37:06.626Z,hmmits2025@gmail.com,https://drive.google.com/file/d/1K0Ql23VaGkoR_Kq5kVKnuc-Une7cmbLs/view?usp=drivesdk,https://drive.google.com/uc?export=download&id=1K0Ql23VaGkoR_Kq5kVKnuc-Une7cmbLs,https://drive.google.com/file/d/1K0Ql23VaGkoR_Kq5kVKnuc-Une7cmbLs/preview?usp=drivesdk,,PENDING,PENDING,,,,PENDING,,,,2026-01-24T12:37:06.626Z,0,Google Drive,,,MD5,4.3.2000
a7658b85-4c40-4764-8606-d913be023dc9,1gw9VNcW_5wCuLTqRExvV2ImfidpjXNw6,the-cornerstones-of-competitive-advantage-a-resource-based-3e5kjm7wfk.pdf,https://drive.google.com/file/d/1gw9VNcW_5wCuLTqRExvV2ImfidpjXNw6/view?usp=drivesdk,736,pdf,application/pdf,the-cornerstones-of-competitive-advantage-a-resource-based-3e5kjm7wfk,,,,,Uncategorized,,,,,,NOT_READ,,FALSE,2026-01-24T12:37:07.263Z,2026-01-24T12:37:07.263Z,hmmits2025@gmail.com,https://drive.google.com/file/d/1gw9VNcW_5wCuLTqRExvV2ImfidpjXNw6/view?usp=drivesdk,https://drive.google.com/uc?export=download&id=1gw9VNcW_5wCuLTqRExvV2ImfidpjXNw6,https://drive.google.com/file/d/1gw9VNcW_5wCuLTqRExvV2ImfidpjXNw6/preview?usp=drivesdk,,PENDING,PENDING,,,,PENDING,,,,2026-01-24T12:37:07.263Z,0,Google Drive,,,MD5,4.3.2000
003be5a1-63b2-482c-84db-063e7ecb260a,1_sTxL9iYmpwFCrjlajodS2Bi7ZZwCWZ4,robb_colleen.pdf,https://drive.google.com/file/d/1_sTxL9iYmpwFCrjlajodS2Bi7ZZwCWZ4/view?usp=drivesdk,3306,pdf,application/pdf,robb_colleen,,,,,Uncategorized,,,,,,NOT_READ,,FALSE,2026-01-24T12:37:07.973Z,2026-01-24T12:37:07.973Z,hmmits2025@gmail.com,https://drive.google.com/file/d/1_sTxL9iYmpwFCrjlajodS2Bi7ZZwCWZ4/view?usp=drivesdk,https://drive.google.com/uc?export=download&id=1_sTxL9iYmpwFCrjlajodS2Bi7ZZwCWZ4,https://drive.google.com/file/d/1_sTxL9iYmpwFCrjlajodS2Bi7ZZwCWZ4/preview?usp=drivesdk,,PENDING,PENDING,,,,PENDING,,,,2026-01-24T12:37:07.973Z,0,Google Drive,,,MD5,4.3.2000
94cfa4cf-f179-4171-b2a0-728a49e7786f,1bbqF9Uwd05l51tGBLTdP4iHsdn1MJztW,Peteraf (1993).pdf,https://drive.google.com/file/d/1bbqF9Uwd05l51tGBLTdP4iHsdn1MJztW/view?usp=drivesdk,435,pdf,application/pdf,Peteraf (1993),,,,,Uncategorized,,,,,,NOT_READ,,FALSE,2026-01-24T12:37:08.559Z,2026-01-24T12:37:08.559Z,hmmits2025@gmail.com,https://drive.google.com/file/d/1bbqF9Uwd05l51tGBLTdP4iHsdn1MJztW/view?usp=drivesdk,https://drive.google.com/uc?export=download&id=1bbqF9Uwd05l51tGBLTdP4iHsdn1MJztW,https://drive.google.com/file/d/1bbqF9Uwd05l51tGBLTdP4iHsdn1MJztW/preview?usp=drivesdk,,PENDING,PENDING,,,,PENDING,,,,2026-01-24T12:37:08.559Z,0,Google Drive,,,MD5,4.3.2000
20447739-31ad-4d98-8fa6-1132af4f6f8b,1Pn-mLMz0MtU3pbGJZEn6TRknNcuy0kGC,AResource-BasedViewoftheFirm.pdf,https://drive.google.com/file/d/1Pn-mLMz0MtU3pbGJZEn6TRknNcuy0kGC/view?usp=drivesdk,310,pdf,application/pdf,AResource-BasedViewoftheFirm,,,,,Uncategorized,,,,,,NOT_READ,,FALSE,2026-01-24T12:37:09.997Z,2026-01-24T12:37:09.997Z,hmmits2025@gmail.com,https://drive.google.com/file/d/1Pn-mLMz0MtU3pbGJZEn6TRknNcuy0kGC/view?usp=drivesdk,https://drive.google.com/uc?export=download&id=1Pn-mLMz0MtU3pbGJZEn6TRknNcuy0kGC,https://drive.google.com/file/d/1Pn-mLMz0MtU3pbGJZEn6TRknNcuy0kGC/preview?usp=drivesdk,,PENDING,PENDING,,,,PENDING,,,,2026-01-24T12:37:09.997Z,0,Google Drive,,,MD5,4.3.2000
c29c6104-8459-4bb3-acc9-71acefcbf413,1sI_3GthxtrID4MslJGNKsYbyfBxkybEj,firm resource and sustained competitive advantegeBarney (1991).pdf,https://drive.google.com/file/d/1sI_3GthxtrID4MslJGNKsYbyfBxkybEj/view?usp=drivesdk,1515,pdf,application/pdf,firm resource and sustained competitive advantegeBarney (1991),,,,,Uncategorized,,,,,,NOT_READ,,FALSE,2026-01-24T12:37:10.573Z,2026-01-24T12:37:10.573Z,hmmits2025@gmail.com,https://drive.google.com/file/d/1sI_3GthxtrID4MslJGNKsYbyfBxkybEj/view?usp=drivesdk,https://drive.google.com/uc?export=download&id=1sI_3GthxtrID4MslJGNKsYbyfBxkybEj,https://drive.google.com/file/d/1sI_3GthxtrID4MslJGNKsYbyfBxkybEj/preview?usp=drivesdk,,PENDING,PENDING,,,,PENDING,,,,2026-01-24T12:37:10.573Z,0,Google Drive,,,MD5,4.3.2000
82277c96-d93c-419e-9ae3-d7fb986e9c42,1dL6a2voL6rrC6dAQkoXc7dI1YjE2WfUJ,david1986.pdf,https://drive.google.com/file/d/1dL6a2voL6rrC6dAQkoXc7dI1YjE2WfUJ/view?usp=drivesdk,585,pdf,application/pdf,david1986,,,,,Uncategorized,,,,,,NOT_READ,,FALSE,2026-01-24T12:37:11.208Z,2026-01-24T12:37:11.208Z,hmmits2025@gmail.com,https://drive.google.com/file/d/1dL6a2voL6rrC6dAQkoXc7dI1YjE2WfUJ/view?usp=drivesdk,https://drive.google.com/uc?export=download&id=1dL6a2voL6rrC6dAQkoXc7dI1YjE2WfUJ,https://drive.google.com/file/d/1dL6a2voL6rrC6dAQkoXc7dI1YjE2WfUJ/preview?usp=drivesdk,,PENDING,PENDING,,,,PENDING,,,,2026-01-24T12:37:11.208Z,0,Google Drive,,,MD5,4.3.2000
b6855487-2af7-4be3-aea8-6503fe547afd,1Y862pakCpV5Trn6GVVyzQ5YpXumWC8Eq,Strategic-Management-A-Competitive-Advantage-Approach.pdf,https://drive.google.com/file/d/1Y862pakCpV5Trn6GVVyzQ5YpXumWC8Eq/view?usp=drivesdk,7214,pdf,application/pdf,Strategic-Management-A-Competitive-Advantage-Approach,,,,,Uncategorized,,,,,,NOT_READ,,FALSE,2026-01-24T12:37:11.840Z,2026-01-24T12:37:11.840Z,hmmits2025@gmail.com,https://drive.google.com/file/d/1Y862pakCpV5Trn6GVVyzQ5YpXumWC8Eq/view?usp=drivesdk,https://drive.google.com/uc?export=download&id=1Y862pakCpV5Trn6GVVyzQ5YpXumWC8Eq,https://drive.google.com/file/d/1Y862pakCpV5Trn6GVVyzQ5YpXumWC8Eq/preview?usp=drivesdk,,PENDING,PENDING,,,,PENDING,,,,2026-01-24T12:37:11.840Z,0,Google Drive,,,MD5,4.3.2000
fdfa12ed-5165-4436-ae17-5a55900e5155,12UlBLi3SojL-2HA3klEdsqM9rYncSilj,2c38ba5a85e407d70bd23822e43ce7c1.pdf,https://drive.google.com/file/d/12UlBLi3SojL-2HA3klEdsqM9rYncSilj/view?usp=drivesdk,1761,pdf,application/pdf,2c38ba5a85e407d70bd23822e43ce7c1,,,,,Uncategorized,,,,,,NOT_READ,,FALSE,2026-01-24T12:37:12.890Z,2026-01-24T12:37:12.890Z,hmmits2025@gmail.com,https://drive.google.com/file/d/12UlBLi3SojL-2HA3klEdsqM9rYncSilj/view?usp=drivesdk,https://drive.google.com/uc?export=download&id=12UlBLi3SojL-2HA3klEdsqM9rYncSilj,https://drive.google.com/file/d/12UlBLi3SojL-2HA3klEdsqM9rYncSilj/preview?usp=drivesdk,,PENDING,PENDING,,,,PENDING,,,,2026-01-24T12:37:12.890Z,0,Google Drive,,,MD5,4.3.2000
545dcfe9-3887-4111-80ef-c428ae8a3303,1iXaugqDhzJybaHRL8tdZnlBccQMUul0p,20058-74005-1-PB.pdf,https://drive.google.com/file/d/1iXaugqDhzJybaHRL8tdZnlBccQMUul0p/view?usp=drivesdk,548,pdf,application/pdf,20058-74005-1-PB,,,,,Uncategorized,,,,,,NOT_READ,,FALSE,2026-01-24T12:37:13.920Z,2026-01-24T12:37:13.920Z,hmmits2025@gmail.com,https://drive.google.com/file/d/1iXaugqDhzJybaHRL8tdZnlBccQMUul0p/view?usp=drivesdk,https://drive.google.com/uc?export=download&id=1iXaugqDhzJybaHRL8tdZnlBccQMUul0p,https://drive.google.com/file/d/1iXaugqDhzJybaHRL8tdZnlBccQMUul0p/preview?usp=drivesdk,,PENDING,PENDING,,,,PENDING,,,,2026-01-24T12:37:13.920Z,0,Google Drive,,,MD5,4.3.2000
f17e891f-dd43-4263-9a33-c89ea8d54b95,19XrNf8x5YOH0pcRk3knrcRymwpX85saq,johnson-exploringcorporatestrategy8ed.pdf,https://drive.google.com/file/d/19XrNf8x5YOH0pcRk3knrcRymwpX85saq/view?usp=drivesdk,9538,pdf,application/pdf,johnson-exploringcorporatestrategy8ed,,,,,Uncategorized,,,,,,NOT_READ,,FALSE,2026-01-24T12:37:14.513Z,2026-01-24T12:37:14.513Z,hmmits2025@gmail.com,https://drive.google.com/file/d/19XrNf8x5YOH0pcRk3knrcRymwpX85saq/view?usp=drivesdk,https://drive.google.com/uc?export=download&id=19XrNf8x5YOH0pcRk3knrcRymwpX85saq,https://drive.google.com/file/d/19XrNf8x5YOH0pcRk3knrcRymwpX85saq/preview?usp=drivesdk,,PENDING,PENDING,,,,PENDING,,,,2026-01-24T12:37:14.513Z,0,Google Drive,,,MD5,4.3.2000
8717b9e9-c312-44ec-a870-2c160bf2b0b4,1e4VV63VEYiGNwOqLOid7FFkpiykDRQjA,245587_Vol1.pdf,https://drive.google.com/file/d/1e4VV63VEYiGNwOqLOid7FFkpiykDRQjA/view?usp=drivesdk,7447,pdf,application/pdf,245587_Vol1,,,,,Uncategorized,,,,,,NOT_READ,,FALSE,2026-01-24T12:37:15.168Z,2026-01-24T12:37:15.168Z,hmmits2025@gmail.com,https://drive.google.com/file/d/1e4VV63VEYiGNwOqLOid7FFkpiykDRQjA/view?usp=drivesdk,https://drive.google.com/uc?export=download&id=1e4VV63VEYiGNwOqLOid7FFkpiykDRQjA,https://drive.google.com/file/d/1e4VV63VEYiGNwOqLOid7FFkpiykDRQjA/preview?usp=drivesdk,,PENDING,PENDING,,,,PENDING,,,,2026-01-24T12:37:15.168Z,0,Google Drive,,,MD5,4.3.2000
9e532092-7d69-4121-b5f1-dbcd29b09f00,1sk6J8-3fB--0qyEYl4A807_xD9zp3mZL,Scanningthebusinessenvironmentforinformation-agroundedtheoryapproach.pdf,https://drive.google.com/file/d/1sk6J8-3fB--0qyEYl4A807_xD9zp3mZL/view?usp=drivesdk,995,pdf,application/pdf,Scanningthebusinessenvironmentforinformation-agroundedtheoryapproach,,,,,Uncategorized,,,,,,NOT_READ,,FALSE,2026-01-24T12:37:16.237Z,2026-01-24T12:37:16.237Z,hmmits2025@gmail.com,https://drive.google.com/file/d/1sk6J8-3fB--0qyEYl4A807_xD9zp3mZL/view?usp=drivesdk,https://drive.google.com/uc?export=download&id=1sk6J8-3fB--0qyEYl4A807_xD9zp3mZL,https://drive.google.com/file/d/1sk6J8-3fB--0qyEYl4A807_xD9zp3mZL/preview?usp=drivesdk,,PENDING,PENDING,,,,PENDING,,,,2026-01-24T12:37:16.237Z,0,Google Drive,,,MD5,4.3.2000
477000a2-bfb2-4da2-99cf-4d38f1f9ef43,1sIWjFer4roL3ZxQNaOS8rE_BTqyK54Bc,6 - Scanning the Environment.pdf,https://drive.google.com/file/d/1sIWjFer4roL3ZxQNaOS8rE_BTqyK54Bc/view?usp=drivesdk,250,pdf,application/pdf,6 - Scanning the Environment,,,,,Uncategorized,,,,,,NOT_READ,,FALSE,2026-01-24T12:37:16.833Z,2026-01-24T12:37:16.833Z,hmmits2025@gmail.com,https://drive.google.com/file/d/1sIWjFer4roL3ZxQNaOS8rE_BTqyK54Bc/view?usp=drivesdk,https://drive.google.com/uc?export=download&id=1sIWjFer4roL3ZxQNaOS8rE_BTqyK54Bc,https://drive.google.com/file/d/1sIWjFer4roL3ZxQNaOS8rE_BTqyK54Bc/preview?usp=drivesdk,,PENDING,PENDING,,,,PENDING,,,,2026-01-24T12:37:16.833Z,0,Google Drive,,,MD5,4.3.2000
bb8c476f-5d62-4cc8-9def-bed78e80d136,1kF2PKIX9O6pbvpAfY68diUkHDXRaRDox,tool_pestle.pdf,https://drive.google.com/file/d/1kF2PKIX9O6pbvpAfY68diUkHDXRaRDox/view?usp=drivesdk,353,pdf,application/pdf,tool_pestle,,,,,Uncategorized,,,,,,NOT_READ,,FALSE,2026-01-24T12:37:17.419Z,2026-01-24T12:37:17.419Z,hmmits2025@gmail.com,https://drive.google.com/file/d/1kF2PKIX9O6pbvpAfY68diUkHDXRaRDox/view?usp=drivesdk,https://drive.google.com/uc?export=download&id=1kF2PKIX9O6pbvpAfY68diUkHDXRaRDox,https://drive.google.com/file/d/1kF2PKIX9O6pbvpAfY68diUkHDXRaRDox/preview?usp=drivesdk,,PENDING,PENDING,,,,PENDING,,,,2026-01-24T12:37:17.419Z,0,Google Drive,,,MD5,4.3.2000
8788f552-4652-4b1e-b1d3-c450117c2fd4,1FTrqdvHM7z7uxCvKSFucJDxQ4SzxFr4t,PESTLE-Analysis.pdf,https://drive.google.com/file/d/1FTrqdvHM7z7uxCvKSFucJDxQ4SzxFr4t/view?usp=drivesdk,358,pdf,application/pdf,PESTLE-Analysis,,,,,Uncategorized,,,,,,NOT_READ,,FALSE,2026-01-24T12:37:18.087Z,2026-01-24T12:37:18.087Z,hmmits2025@gmail.com,https://drive.google.com/file/d/1FTrqdvHM7z7uxCvKSFucJDxQ4SzxFr4t/view?usp=drivesdk,https://drive.google.com/uc?export=download&id=1FTrqdvHM7z7uxCvKSFucJDxQ4SzxFr4t,https://drive.google.com/file/d/1FTrqdvHM7z7uxCvKSFucJDxQ4SzxFr4t/preview?usp=drivesdk,,PENDING,PENDING,,,,PENDING,,,,2026-01-24T12:37:18.087Z,0,Google Drive,,,MD5,4.3.2000
469d8d10-99fd-43b2-b2b4-2f85afecc988,1GAVFDyk2kLqBEGREUL_AkSC0x7JcVWh_,Chapter 2 Scanning the business environment.pdf,https://drive.google.com/file/d/1GAVFDyk2kLqBEGREUL_AkSC0x7JcVWh_/view?usp=drivesdk,176,pdf,application/pdf,Chapter 2 Scanning the business environment,,,,,Uncategorized,,,,,,NOT_READ,,FALSE,2026-01-24T12:37:18.712Z,2026-01-24T12:37:18.712Z,hmmits2025@gmail.com,https://drive.google.com/file/d/1GAVFDyk2kLqBEGREUL_AkSC0x7JcVWh_/view?usp=drivesdk,https://drive.google.com/uc?export=download&id=1GAVFDyk2kLqBEGREUL_AkSC0x7JcVWh_,https://drive.google.com/file/d/1GAVFDyk2kLqBEGREUL_AkSC0x7JcVWh_/preview?usp=drivesdk,,PENDING,PENDING,,,,PENDING,,,,2026-01-24T12:37:18.712Z,0,Google Drive,,,MD5,4.3.2000
9722c3c3-351e-4b33-9dba-5de31b3ee7e4,1Oc17UhbkQZNlEODel9KkZpyljEgX3kGV,67c95d18228b5_IJAR-50378.pdf,https://drive.google.com/file/d/1Oc17UhbkQZNlEODel9KkZpyljEgX3kGV/view?usp=drivesdk,514,pdf,application/pdf,67c95d18228b5_IJAR-50378,,,,,Uncategorized,,,,,,NOT_READ,,FALSE,2026-01-24T12:37:19.373Z,2026-01-24T12:37:19.373Z,hmmits2025@gmail.com,https://drive.google.com/file/d/1Oc17UhbkQZNlEODel9KkZpyljEgX3kGV/view?usp=drivesdk,https://drive.google.com/uc?export=download&id=1Oc17UhbkQZNlEODel9KkZpyljEgX3kGV,https://drive.google.com/file/d/1Oc17UhbkQZNlEODel9KkZpyljEgX3kGV/preview?usp=drivesdk,,PENDING,PENDING,,,,PENDING,,,,2026-01-24T12:37:19.373Z,0,Google Drive,,,MD5,4.3.2000
b9086356-383d-468e-9615-b5ec664050e8,1JxX4Ho0FoaC_meRVypcF2tudwd3yf8fz,"Essentials of strategic management by Wheelen, Thomas L. Hunger, J. David (z-lib.org).pdf",https://drive.google.com/file/d/1JxX4Ho0FoaC_meRVypcF2tudwd3yf8fz/view?usp=drivesdk,2949,pdf,application/pdf,"Essentials of strategic management by Wheelen, Thomas L. Hunger, J. David (z-lib.org)",,,,,Uncategorized,,,,,,NOT_READ,,FALSE,2026-01-24T12:37:19.962Z,2026-01-24T12:37:19.962Z,hmmits2025@gmail.com,https://drive.google.com/file/d/1JxX4Ho0FoaC_meRVypcF2tudwd3yf8fz/view?usp=drivesdk,https://drive.google.com/uc?export=download&id=1JxX4Ho0FoaC_meRVypcF2tudwd3yf8fz,https://drive.google.com/file/d/1JxX4Ho0FoaC_meRVypcF2tudwd3yf8fz/preview?usp=drivesdk,,PENDING,PENDING,,,,PENDING,,,,2026-01-24T12:37:19.962Z,0,Google Drive,,,MD5,4.3.2000
b4260728-efda-444d-bfa7-b0b5524d4f76,1O0KsuGXLIxICAc_pSe5t_6PGke-3nSdA,132774-ID-quantitative-strategic-planning-matrix-q.pdf,https://drive.google.com/file/d/1O0KsuGXLIxICAc_pSe5t_6PGke-3nSdA/view?usp=drivesdk,12522,pdf,application/pdf,132774-ID-quantitative-strategic-planning-matrix-q,,,,,Uncategorized,,,,,,NOT_READ,,FALSE,2026-01-24T12:37:20.541Z,2026-01-24T12:37:20.541Z,hmmits2025@gmail.com,https://drive.google.com/file/d/1O0KsuGXLIxICAc_pSe5t_6PGke-3nSdA/view?usp=drivesdk,https://drive.google.com/uc?export=download&id=1O0KsuGXLIxICAc_pSe5t_6PGke-3nSdA,https://drive.google.com/file/d/1O0KsuGXLIxICAc_pSe5t_6PGke-3nSdA/preview?usp=drivesdk,,PENDING,PENDING,,,,PENDING,,,,2026-01-24T12:37:20.541Z,0,Google Drive,,,MD5,4.3.2000
e5fcc427-2f21-426d-ba29-d13ba60e202e,1mreDnZFh8dN_R0CodF14H8C4HpA34Fak,270198251.pdf,https://drive.google.com/file/d/1mreDnZFh8dN_R0CodF14H8C4HpA34Fak/view?usp=drivesdk,419,pdf,application/pdf,270198251,,,,,Uncategorized,,,,,,NOT_READ,,FALSE,2026-01-24T12:37:22.319Z,2026-01-24T12:37:22.319Z,hmmits2025@gmail.com,https://drive.google.com/file/d/1mreDnZFh8dN_R0CodF14H8C4HpA34Fak/view?usp=drivesdk,https://drive.google.com/uc?export=download&id=1mreDnZFh8dN_R0CodF14H8C4HpA34Fak,https://drive.google.com/file/d/1mreDnZFh8dN_R0CodF14H8C4HpA34Fak/preview?usp=drivesdk,,PENDING,PENDING,,,,PENDING,,,,2026-01-24T12:37:22.319Z,0,Google Drive,,,MD5,4.3.2000
26259f8d-9975-495f-8ad0-bb37a53e1b29,1EwCprVdLCAZT-LLJRfahCJVTV8m48xjf,460335-none-9a71ec36.pdf,https://drive.google.com/file/d/1EwCprVdLCAZT-LLJRfahCJVTV8m48xjf/view?usp=drivesdk,310,pdf,application/pdf,460335-none-9a71ec36,,,,,Uncategorized,,,,,,NOT_READ,,FALSE,2026-01-24T12:37:24.702Z,2026-01-24T12:37:24.702Z,hmmits2025@gmail.com,https://drive.google.com/file/d/1EwCprVdLCAZT-LLJRfahCJVTV8m48xjf/view?usp=drivesdk,https://drive.google.com/uc?export=download&id=1EwCprVdLCAZT-LLJRfahCJVTV8m48xjf,https://drive.google.com/file/d/1EwCprVdLCAZT-LLJRfahCJVTV8m48xjf/preview?usp=drivesdk,,PENDING,PENDING,,,,PENDING,,,,2026-01-24T12:37:24.702Z,0,Google Drive,,,MD5,4.3.2000